53.337858,-6.253901,_ZGpQY0dL7G9UFCzJqD__w,2014,5
53.337912,-6.252605,n4VDdHAwGIdYs4Pa2RIjbw,2014,10
53.337920,-6.252711,4OPmOt0rD17S_coOy9kiaA,2014,5
53.337945,-6.252750,XB5kBA9W8zh-NsXna6Vdxw,2014,10
53.337952,-6.252830,x8mcMTLaouVdTcPQM3v4fQ,2014,5
53.337963,-6.252824,bNFTMpmI_utpserkbYPA6A,2014,10
53.337965,-6.252879,20jC08Hlne0nyHWBOKoNyw,2014,5
53.337966,-6.253802,7De1wO0kA_zaY8cpHO618w,2014,6
53.338012,-6.253038,K1RviyeC4d4XOxOdIaMrhw,2014,10
53.338012,-6.253059,EURMjBPayjAXdUgCCMa0IA,2014,5
53.338025,-6.253753,_UXFU4GxbzZSjsvTprjshA,2014,6
53.338048,-6.253192,KSEXkCu4NWtq7JtMFbI2SA,2014,10
53.338061,-6.253264,V66joPA88aGbpmjoBYPmBA,2014,5
53.338095,-6.253356,htPaLMJ5qy2TuFoSaXTvvg,2014,10
53.338122,-6.253422,ObMT4IERJYwrDGmZcBdkcQ,2014,5
53.338145,-6.253602,Stp5ij7lfmmHFbYzBNO1pA,2014,6
53.338145,-6.254892,ThwwiuVjRymZDkukt-aOCA,2014,6
53.338179,-6.253628,txqB_gb9kT0y3nzzyNvExQ,2014,5
53.338197,-6.253698,CbN5N7Qj3Ncz4wL6Ou4riQ,2014,5
53.338232,-6.254826,YLYszFtXWse-RTl_FqoOhA,2014,6
53.338240,-6.253970,A4TI4HvZSF7v86F-7_qRiA,2014,6
53.338240,-6.253500,AxlNCNc-QeXNmWcxNlPEjA,2014,5
53.338263,-6.254098,KuEKyJ-3nkUOUgLHr9MIoA,2014,5
53.338264,-6.253472,DlChbdZBiU650fOC_8iWrw,2014,6
53.338267,-6.253408,8Et7ivlyRCak_N_OHHPGxA,2014,10
53.338287,-6.255693,wfQxXCif8185ffG8mjgjPA,2014,6
53.338302,-6.254141,3cT2tp5fR4TXCrsyE-9rlQ,2014,6
53.338316,-6.254766,12vXV4DDyKN9uFn-Z-dU2g,2014,6
53.338321,-6.254219,9FfyDuSOybx4WXJQHVSQdA,2014,6
53.338337,-6.253400,sQj5drgZ80hrmS5cqXuVkg,2014,6
53.338341,-6.254250,YrWU5fgR5ixTbxkEoHRe7g,2014,6
53.338350,-6.255661,U8lWSDwX4b19mDJrzWiRxQ,2014,5
53.338350,-6.253330,Um_kXIhSZKfpA0-2sM1U7w,2014,5
53.338364,-6.255648,n-yXHK94Bnkjv9m5pA2pXw,2014,6
53.338374,-6.255524,L3jD6-ixNEegBxOXVh1x-w,2014,6
53.338385,-6.254453,uN5phzmVahWd77NBiFOK5w,2014,6
53.338389,-6.255628,JUNbx28GqE5688lGsSOkyA,2014,5
53.338398,-6.254705,_8gt3WDg38Phd5OznJ1A_g,2014,6
53.338401,-6.255634,Z09yP_BWVlEDXg886zCWUA,2014,6
53.338410,-6.254660,UxsAen6gIsEd0V1OX_Q6uQ,2014,5
53.338411,-6.255545,tg3Ci1mPBd6CzJvlf0TA8g,2014,5
53.338418,-6.254580,go3l991WUTOF4_aKznFS6w,2014,5
53.338420,-6.253321,Izq_T_nLOEZI2B9ivYUxTg,2014,6
53.338428,-6.253307,6UIutDIxSURchVoYP_CCOA,2014,5
53.338442,-6.255484,G9URCyA2F-h9iHqpCkAKjw,2014,5
53.338464,-6.254875,MKxvXkpXNAudnq93kgC_Ug,2014,5
53.338464,-6.253220,PPfhBS_qnIk8ufWCUJAySw,2014,10
53.338480,-6.256577,OQOGILt75wl6KykqkFWvqA,2015,10
53.338494,-6.254926,rn27R-o-0qrHQBDStmg5Hw,2014,6
53.338524,-6.255657,kBoe5QmGfWUbs0H1Vc-QHQ,2014,6
53.338538,-6.255401,X0iGZS6cj4hbuS8YFIDtaw,2014,6
53.338539,-6.253150,67Csbjsrre9Vo47l70eZUA,2014,10
53.338544,-6.256656,25EWZRS6xA4QrDKtKfoVRg,2015,10
53.338554,-6.255181,VmR6tBGKv61h84n5kIvuPQ,2014,6
53.338589,-6.255327,K75JmwdZPvj6JNnHQ43Kzw,2014,6
53.338599,-6.255736,NesRFrt8Z1qB0IJSA-Sf7w,2014,6
53.338606,-6.257282,o_JfZIJjFIgCZGNRWPdY6A,2015,10
53.338608,-6.253088,C5Ezv9Urzqv_4KjzsfmrUw,2014,10
53.338621,-6.253071,HRL2GIRPtDpJpkYRoczCOA,2014,5
53.338626,-6.255505,I1vXJnTVIsuya-vKKe35zg,2014,5
53.338633,-6.255796,3XvdWRPOGruvuT6glO-mYg,2014,6
53.338641,-6.257388,QoX83DkUyghFrTRgp-hoXw,2015,10
53.338644,-6.253055,LQqo2m2qN339rZsI-k8pVg,2014,10
53.338655,-6.255580,5kerMxkeudaCPMhyehGE2w,2014,6
53.338665,-6.253030,p4OLcQ8y4mkEQTsLv31nsA,2014,5
53.338668,-6.251955,sfskGZqObYP_OJLyo4dGfw,2014,6
53.338675,-6.257504,Me7kPc3Cbjm04sN8_oPpyA,2015,10
53.338676,-6.255919,CwAGZYaJShi_YOqUeFg93w,2014,5
53.338683,-6.255928,ozYbAmHVDqYH3An100J8xw,2014,6
53.338700,-6.255789,GzGRLLB-mlNBDGQuzts46A,2014,5
53.338706,-6.252072,qz75ELgH4vAU-8gwot9hiw,2014,6
53.338712,-6.256939,5gDE45Ni9CWsQsGJRP0yog,2015,10
53.338716,-6.255852,M_88ce9YvS91mwNvX7gY5A,2014,5
53.338719,-6.256114,gm3O0X6YPdFawHh8Kad7Rg,2014,5
53.338720,-6.256054,M70-OQrhs-o0lWNBO2Yz9Q,2014,6
53.338727,-6.252975,bAn1273f1JXI9-X3sCdx8g,2014,5
53.338727,-6.252977,YuBYUn2FsBEfVVtRZCzCLA,2014,10
53.338730,-6.255877,DrqeW4iqgVd2-OkLIoP_XA,2014,6
53.338731,-6.255911,XVfFFTIWfgV0-IJbirk0qw,2014,5
53.338735,-6.253016,lC8N6nDoLHiqGWFmzi35jA,2014,6
53.338736,-6.256181,XgsWJRpcqXgL2FbYEwZcOA,2014,5
53.338742,-6.257015,VDTGBlNLSu8OBPM3p9fm2Q,2015,10
53.338745,-6.255944,GHjazRyJGyvT3uXN5faHUA,2014,6
53.338760,-6.252243,WPTLmYKgdfs8lk8bPZOXxg,2014,6
53.338762,-6.256259,MgyJrFi3Ol1AT2kKBZcKFA,2014,6
53.338767,-6.256303,lvcSe16j_lqvKMpcAis_cA,2014,5
53.338781,-6.257135,39BNoHWHwF7n-wb3Ryl36Q,2015,10
53.338781,-6.256100,6buWXTqoNq5o0fHhbcZNXA,2014,6
53.338790,-6.256316,1bEICYXfr0_rJzZvwDZfmg,2014,6
53.338800,-6.256168,Bug42jsMBky7JEsKBIsxJQ,2014,6
53.338802,-6.252899,sb1JyVK9ROWtJDCbgXwPDw,2014,10
53.338815,-6.256245,RIvLyaFPL6Sad_6W1KSUjw,2014,5
53.338815,-6.256462,4KiDuhkqspEbpW2YiHfTkw,2014,6
53.338825,-6.252930,094bXtmZNPoW5_lheHRX0g,2014,6
53.338828,-6.252485,5wTKLxDisDzRBLsUHazmHw,2014,6
53.338837,-6.252877,u09hfPcYbaPwaN605QbjDQ,2014,5
53.338845,-6.252852,hzmKgjDN0juIM8wzdDYZww,2014,10
53.338849,-6.257376,S_1ACltHROL5cblp7Y1kHQ,2015,10
53.338854,-6.256602,bBNYWCiKb-5N8bW88ITpfw,2014,6
53.338858,-6.252886,wNjpnsE7NtjtoIdZi2rtsg,2014,6
53.338864,-6.256351,J9VXnqorh5yugXRvkAl3Cg,2014,6
53.338871,-6.252610,kkvDj1wVvMzmuH7EV-IA8g,2014,6
53.338874,-6.252843,7-l30T0EkCMG_NiJXSEwLg,2014,5
53.338879,-6.252816,kbonQcTvhCwAxuY8zRAZqg,2014,10
53.338885,-6.252816,itpncY5WRouJrb4yMHfuAw,2014,6
53.338894,-6.252717,G57GMb7Mmb_7m7KwPiROmA,2014,6
53.338909,-6.257630,nU4Eer_Ll5EUH8L7m4y84A,2015,10
53.338911,-6.252809,nLb6TIH79VGi8oowh5sTkg,2014,5
53.338914,-6.256474,T8Yvwqfzr6UqwVog72qX1Q,2014,6
53.338915,-6.252781,sumVtdkTueZxXmkl4mKwPQ,2014,10
53.338929,-6.257719,VeEJ8pfZ1pTRUEGYKERFgA,2015,10
53.338930,-6.256800,-jHP5xmzYHeLUPRZ5nB25A,2014,6
53.338937,-6.256546,vDZBTunNnFzGf7l5ag01DQ,2014,5
53.338939,-6.256907,l6KuOpdJMinDCETNL0hK3Q,2014,5
53.338944,-6.256654,0tk4_1Woq6khy_PiRikS6Q,2015,9
53.338948,-6.252775,LyJLR1g18qFIEZ3dCB7Bjg,2014,5
53.338959,-6.257848,h92V0C0xCJLA5UmwcK0rRw,2015,10
53.338965,-6.256878,-vkwjMnbaAZWADh3FRoEQQ,2014,6
53.338978,-6.252772,sLcVk4yrNY01ST4VUrhpew,2014,6
53.338983,-6.256927,_1jxyfGxk1bO5rw545bVPw,2014,6
53.338987,-6.256949,l-iHQxiHzEkDt2CRx8aSKw,2014,5
53.339001,-6.252703,LXopLbSlQTTKi1zaxy5Hjw,2014,10
53.339022,-6.252705,v0GaUfjoeJuqyKc1_TsDxw,2014,5
53.339042,-6.252750,Wnm_pvB_MAvYTiADW7XOeg,2014,6
53.339051,-6.256426,8efBcRdcK97AClP3OFaf2A,2014,6
53.339052,-6.256720,fK21-M2y6q6h8QRUoQh4bQ,2015,9
53.339083,-6.252637,9pYca9aLCYjrG814yAMXGA,2014,10
53.339095,-6.256854,uMP0OIhZ9wjbrrIXSVyCbQ,2015,9
53.339095,-6.252635,hq_MXuw9Xl02ESp_dZ1twA,2014,5
53.339104,-6.256890,TNOVecbuc6B1mT2Zbf2kbQ,2015,9
53.339114,-6.256927,RLFkVb1-uWdB0rBz2bAqyA,2015,9
53.339116,-6.252696,L5aaRNHwXCTNY0_MQv9Dug,2014,6
53.339132,-6.257001,1TbBHfR6BIarDoa38LmQ9g,2015,9
53.339140,-6.257036,0C1gZ9z5SrKq5WfD9SO4Ww,2015,9
53.339147,-6.257074,s1ZEzr3K7x6wVjloF3Tncw,2015,9
53.339149,-6.256410,icWYVQfBmvI1rpCF4tY3qw,2014,5
53.339151,-6.252580,6BEEhlnF6Dv-GUqjIDEZVg,2014,10
53.339164,-6.257145,KFjkA0Yd_DY8cOyM_Ty1aw,2015,9
53.339173,-6.252564,3cKlMFo6__JKy5f4p8Ua8A,2014,5
53.339173,-6.257180,Xpxhu_CNBTEnW9TC-pY_Qg,2015,9
53.339182,-6.257216,Wg-61rGK7C4-a2Rrhs760g,2015,9
53.339192,-6.257250,ROHbi1Y4vA4RcY9FejK9cA,2015,9
53.339202,-6.257287,KjAfP66MYLJq-1Qf_1d5JQ,2015,9
53.339210,-6.257324,Ufs9d3ofxvC8dHxsZWKcng,2015,9
53.339220,-6.257360,FDU29ajmYwXqLd6gaXZzTQ,2015,9
53.339227,-6.256299,jeJv8-Eb7OtWA6cFr1LmKw,2014,6
53.339230,-6.257396,MyYUTtRMSbRHBi49dbk74A,2015,9
53.339240,-6.257432,tC2PCc6Tnjtf8rl50qT8QQ,2015,9
53.339250,-6.257469,rPRXBpBSfDt4_5n47oFrfw,2015,9
53.339251,-6.252492,TCAzKSDKY_ojS89LRstwqQ,2014,5
53.339256,-6.257789,OrbHYsqxmw8qj91sRt1Lig,2014,6
53.339262,-6.257509,12iIsOxJKjg5SUFvsgRrcg,2015,9
53.339262,-6.252482,gMgQ4M98XtPD4iW5WzUbXw,2014,10
53.339271,-6.257547,22YrYLsh4lo5o1Tok290Zg,2015,9
53.339281,-6.257585,9tqsp7MKt38dzkV3S0oo6Q,2015,9
53.339289,-6.257624,pmVQbxDw0tgdiYXrjrKKJQ,2015,9
53.339290,-6.252457,CmP3pRL9B4w9Ivog9taLkw,2014,5
53.339298,-6.257661,rARK232SMUIZHKXuyCniOA,2015,9
53.339299,-6.252450,vpuyFEK7TD5z7zt0ZYFKcg,2014,10
53.339308,-6.257699,duweb0U53buQjVy90VLdqg,2015,9
53.339325,-6.257775,woWENpG3NCwaF1dupIkzWg,2015,9
53.339367,-6.252385,KbRmC0vTpXG1F_SVTuOtCQ,2014,5
53.339391,-6.256170,eCq3poke0zYkSWSrgrZiGA,2014,6
53.339406,-6.252353,FykFqdwunEl8UD_3K7KjGw,2014,10
53.339406,-6.252349,D3WkDm2zGKT463X16M7anw,2014,5
53.339449,-6.256132,vASWFo6x2pKLckfeaYxjmQ,2014,6
53.339511,-6.252254,PyC4nKSgNcS8PQQhjvaVpw,2014,10
53.339519,-6.252243,7LXovqmn9emD3Ir__2TToA,2014,5
53.339526,-6.256071,RvtFpkP3yTr5ECFba_XAVA,2014,6
53.339554,-6.251347,KY-BvINAIiPi4u3zh5fp5A,2014,5
53.339591,-6.252173,MjXoMzXon1dgmtmU2-pBNw,2014,5
53.339600,-6.251478,2xEDi7aYyyAUI8ByIaPCGQ,2014,6
53.339613,-6.256006,VE8oM3l8ql3g18RJW8Dyhw,2014,6
53.339627,-6.252138,hfMBIEa7ybrvAyhyqgp9OQ,2014,10
53.339663,-6.251644,tfFhMn5hsko3dFdTyvFvww,2014,5
53.339704,-6.252060,R4DDUDdK7iyz6s5Cda2s9A,2014,5
53.339707,-6.252059,EUSdWhO_woqp3N3u2IIqfA,2014,10
53.339728,-6.251777,Aec7r5JBCnSe573ycH9SwQ,2014,5
53.339813,-6.251855,FsBz2GZ7tVt-OY8XBQXxbg,2014,5
53.339834,-6.255853,ZnBrFGZoIDa-5iVsyRMgqQ,2014,6
53.339856,-6.251863,E7oWMDdP20t6--Uo-vAHOg,2014,5
53.339870,-6.251906,-_gAGXj5KpMUEUIoPcsA_A,2014,10
53.339914,-6.255804,GYoc8IQB1Hd6H6f-XclNoQ,2014,6
53.339915,-6.256682,k6E1STlSwPFp5Q79Lw_ZXg,2014,6
53.339949,-6.251836,9HWAy1yMA4SDU9NKF2l5SA,2014,10
53.339983,-6.251795,ZI1ooINwv28mOOde4rV0lw,2014,5
53.339986,-6.256675,xqs2qDqgdtVwUgAqpZmbTQ,2014,6
53.340005,-6.255748,iOpKl0S-NAa8qaZzDl4bgQ,2014,6
53.340058,-6.256618,StP4WSPKtrsYt7MR1aFEZw,2014,6
53.340102,-6.251704,WEL22SVUx0JXKaeseQ9Yeg,2014,10
53.340114,-6.251676,rNp3m2WP8IjL8Gy4QzaRSQ,2014,5
53.340125,-6.255678,rOjZA8KuutYznKutTja6eg,2014,6
53.340142,-6.251670,ERP5JLwjcf3HU-mSHiTi3A,2014,10
53.340143,-6.251739,2XtHKFAL4axnwhtg3o5t-w,2014,6
53.340151,-6.251643,J-Ztse3cL5TTl44AHVTvsQ,2014,5
53.340154,-6.256559,nsNbI8gkU4j3s6X2p3v2Xw,2014,6
53.340163,-6.255656,Y3OJ-ly2vV1CQg8sKd9DqA,2014,6
53.340178,-6.251704,dExVjeEbvczsUKR8VIFtEA,2014,6
53.340191,-6.255779,10GiDSE9OJxPtuUfLWNFfw,2014,6
53.340219,-6.255946,-7t5Q-LRUKEIjvv1BkigQw,2014,6
53.340223,-6.251599,SYGP1DCzuEz571O_dF0AwA,2014,10
53.340224,-6.251577,cHZHKxFk5_Vc5y1rMLt5qw,2014,5
53.340233,-6.255616,3dlCGAr85--bP2snuZonJg,2014,6
53.340241,-6.256093,l35Yc1crT-7OozBCiRhLIQ,2014,6
53.340245,-6.251636,RZXbvRJctZOoBvD80R08Ew,2014,6
53.340266,-6.256234,vXTCv-R8rBCX0wqaCeQQ8A,2014,6
53.340270,-6.256491,1iFEKR8odE4aFKCRg1hmkQ,2014,6
53.340288,-6.251517,rrrIa7X5pqof2NcssZGliA,2014,5
53.340291,-6.256341,YG6IS1GRfIcxBDA1piFgLQ,2014,5
53.340301,-6.251527,SVL-xVOcFnU6bCon5PWZvw,2014,10
53.340311,-6.251573,4nh6lzHQ2Y0uPQ-B-ZOSGQ,2014,6
53.340312,-6.256473,gFws9YED6Rcm5pCvM5IBbg,2014,6
53.340314,-6.257434,FOU_raF59V0AAAQpjA2nnQ,2015,3
53.340320,-6.255607,-BmXVARbC3tYAfhMBGnnbQ,2014,6
53.340326,-6.257455,MmjenWLlgnkAAAQpjd-E3A,2015,3
53.340327,-6.256550,d-kgBAFVSIvc2NZYogdreg,2014,6
53.340344,-6.257486,BKKLp0WpiGcAAAQpjNl1aQ,2015,3
53.340355,-6.256701,vWT5rO6-qIi7W8C20gBCDg,2014,6
53.340364,-6.257539,vMrkN57qs9YAAAQpjdaXPA,2015,3
53.340373,-6.251452,fi4dxCzoZg2BR0WDvjTm0w,2014,10
53.340379,-6.256840,Ids19beFgsJjR6baqJ7n-Q,2014,6
53.340384,-6.251440,6uk8UQjQLViiXlgJtRtcTw,2014,5
53.340402,-6.251487,dVYuLkglnZ_RoVI5a78IXA,2014,6
53.340426,-6.255508,9X1876Lqjw7JujkalAtNzg,2014,6
53.340428,-6.257008,DyIZxW_vTsn3dBfRC76qTA,2014,6
53.340436,-6.257171,gNk7hPuZiwnTdIjaIgklWQ,2014,6
53.340448,-6.257239,aMgZ0ZlPzPC163x7b-snbQ,2014,6
53.340452,-6.251366,Tv6h7IvpsTOXb109jg5HIQ,2014,5
53.340471,-6.257359,FQtj8Qvx1rcEemlAdBOEAw,2014,6
53.340472,-6.251421,bTjW1ztMDCImA9F2oTw2oQ,2014,6
53.340478,-6.251344,agoHNIDnK8dd3LqXlqxRAA,2014,10
53.340498,-6.257410,Vdj7Xeyl0n08xHfvG3-BSw,2014,6
53.340509,-6.255463,zxlWShTmXly2SRvbDEDatA,2014,6
53.340534,-6.251290,hAE7W_YswsGeamOHQl743A,2014,5
53.340549,-6.251347,6l7rB_KpQPu7s4gOUPM8Hw,2014,6
53.340552,-6.251270,niviGxbKw-MVnqZwuKedQg,2014,10
53.340597,-6.255413,lnSuOTRzbilP098gSccWLg,2014,6
53.340609,-6.257394,9OHCpfiFwf1cI9zX_UTKJA,2014,6
53.340652,-6.255383,V9uiAo4MpRY9hQcfyfV_VA,2014,6
53.340655,-6.251181,pW-RY9_Rp8HlVq71lTjF2g,2014,5
53.340659,-6.257372,haxPNc0TxJ5eaeSKc2ohEQ,2014,6
53.340710,-6.251118,ws-DU2wWWDWZpPy-S0zyQg,2014,10
53.340750,-6.257334,jEMlE4gTr6jeGUwxCuAxLg,2014,6
53.340760,-6.255327,Z6tDnEIM5mjxR3B6ZhM94Q,2014,6
53.340807,-6.251028,Y7l2IElApoXL_xvUTCn0Uw,2014,5
53.340825,-6.255403,-5LrIp8T_h6zqXNnqQfEHw,2014,5
53.340835,-6.250999,-p7x4xq7w6hyGhLO7mQaug,2014,10
53.340838,-6.257300,RljhgIfkHKpTKEowfXpCHw,2014,6
53.340848,-6.250988,zbMsoXPy353EPcHZqkffjA,2014,5
53.340848,-6.255407,tYgMOsWTIya-5qkzP_K6cQ,2014,6
53.340860,-6.255329,qMNGhzrJZ6Yb7CMqSBKKfw,2014,6
53.340870,-6.255604,Np1Ux6ghl44-E9fZkMNfAw,2014,6
53.340876,-6.250959,w3QjX14VnpaVU0b2RPRAWw,2014,10
53.340890,-6.255701,usTt0RbOr4MIgJ8J0F3urQ,2014,6
53.340920,-6.255863,B0t8iE_mCstnZLo18Qz6OA,2014,6
53.340950,-6.256012,zGT4NHgsJ6Jc4UD1PMQpIA,2014,6
53.340954,-6.255266,T1dnZ_qA6RxCJ2Y2_1fVqg,2014,6
53.340956,-6.250098,9QhRro_QJEnYlOdaZO-Zqw,2014,6
53.340956,-6.250881,wTOQz8cSpkpPiFNa2Ftp7Q,2014,10
53.340960,-6.257254,sLD_dP6DXwTN-6S2O0qyJA,2014,6
53.340964,-6.256083,6-S8rhlI3_AqbvbP_LhQ2w,2014,6
53.340990,-6.256222,QRTkEbWxrIeUpbRzzDas5A,2014,6
53.341015,-6.256362,Z8bO1MVo9-IXZ2pezyp9_Q,2014,6
53.341023,-6.250744,8lEUflEhF5dBS7vTTo9iuA,2014,5
53.341032,-6.257225,zo-xCTm3-qakpPQK0_9eqw,2014,6
53.341034,-6.250482,UoGYx8TqHNH5FbasKkZ0eA,2014,6
53.341035,-6.250676,8JgNBXiFC2wn7zTtyq2vLg,2014,5
53.341039,-6.255221,CYOGzey8THsO91-FDwn-KQ,2014,6
53.341040,-6.256501,jbCMIa9Zadcp5V29220Cvg,2014,6
53.341057,-6.250542,FZiDPDyowiyIQpjoXgTytg,2014,6
53.341058,-6.250539,hMFh-qHy9WxmQu4zudp-8g,2014,5
53.341061,-6.256633,Aw6fWAD6W_KO4Jeewt21Ug,2014,6
53.341092,-6.256817,FOLIGSjBqSvv8UmlvC_xNA,2014,6
53.341116,-6.257170,pBZFnbVuh_bSVpvko6IUiQ,2014,6
53.341130,-6.255174,d0hlCPcGFmMLIxd6oQdDJg,2014,6
53.341152,-6.257007,WVaRanribNfZjIfCLGPd4Q,2014,6
53.341154,-6.257063,DMvlMBFGiTWo1b8xuUtuVg,2014,6
53.341168,-6.257136,V2Z3fTLaT-ph8WUuYLGHsQ,2014,6
53.341181,-6.257214,f8_KwGLbnyZ23uHRQsZIdg,2014,6
53.341184,-6.255114,TIHjA1HXxe9Cp2xWAYzGPg,2014,6
53.341200,-6.250876,De6g9-JFHyrVo4cIjfi1sg,2014,6
53.341236,-6.250974,IdG_IPEIfsb6ZnRXzhBqkw,2014,6
53.341257,-6.256995,uJ0xSmx7m_z0tcEja46gWg,2014,6
53.341294,-6.255085,h-rGihNbUOUepJOqDAgP8Q,2014,6
53.341300,-6.251154,U9ZXMYPbgibB9Pxza6KBKQ,2014,6
53.341342,-6.255030,A7PYmdzaXtr0Fys0msDD_g,2014,6
53.341345,-6.251288,RFWDjenhZnIrD6SxCuclMQ,2014,6
53.341347,-6.256935,JG04bGHlgII9icJRszFk6Q,2014,6
53.341350,-6.251304,g5luCvH1yQW1fauuFy11kg,2014,5
53.341369,-6.251362,tnSwxGXrp-zs3MWllcDQ9Q,2014,6
53.341374,-6.251375,_9ByEEC1j3jpe6CI9G6zFw,2014,5
53.341405,-6.256904,G0yjPST-IDwxyHOXnAvwfA,2014,6
53.341428,-6.251539,_zrzlAPs7tRE36lEINVGng,2014,6
53.341471,-6.251678,1pssIdhusZwhMGjXnyk_4w,2014,6
53.341487,-6.254963,o7flCCbD9-5kia3KOHpWwA,2014,6
53.341503,-6.256856,6H1HWs7sgUBfcUUyCM4uKQ,2014,6
53.341513,-6.251792,G_C_YShnuTjOu2O9q0ZM9A,2014,6
53.341536,-6.255144,aa8VS5mrEG737D4ZXjNj5g,2014,6
53.341551,-6.251905,1nDOWyRMy1tOLC99wRI6Yw,2014,6
53.341551,-6.255244,Jm4CHU80mgPn4fvqYm8FhA,2014,6
53.341582,-6.255420,x2mFGtviAfJAbbUKRi9x6g,2014,6
53.341594,-6.255486,LAplUQwV-EL1SUrf4j4FZA,2014,6
53.341595,-6.254885,Rwv8oKxbJ3q41Qnjth3T-Q,2014,5
53.341629,-6.252138,j6ZdBlLoWfaHw15PhLGuJw,2014,6
53.341634,-6.256793,Kcv26fM57_3hin2-l_suKQ,2014,6
53.341648,-6.255772,ih9X0WhLb5SpG87Opao86w,2014,6
53.341659,-6.250330,7-Vau8iTnCrR2NBuzQGr9Q,2014,6
53.341665,-6.252261,W6-U3w_vsHxYKu5oqaSJHA,2014,6
53.341672,-6.257189,An2FofG1-ushYZTCbGq2iA,2014,5
53.341675,-6.254840,oovKQWoNm_Qup-19wwN27w,2014,5
53.341675,-6.250235,reup5YBIFjuGbnOBSa_UDg,2014,10
53.341676,-6.255910,tocY3e7kVCBj_tTsgxWJ2g,2014,6
53.341689,-6.255977,JIEie_3ttJWE-VuUvrysrA,2014,6
53.341710,-6.250307,7SXUIRTgFgkiR31-rXPhzg,2014,6
53.341722,-6.252413,Pp8gKYtZy-TVgxPBvJRXMQ,2014,6
53.341731,-6.254827,x1NAaEdh3mM1bydwhbT59g,2014,6
53.341732,-6.256192,kHt7NaYjEXMeCUJdH_Rbkw,2014,6
53.341733,-6.249424,etWyr7ZDbX6nHCU2bQZoOQ,2014,10
53.341747,-6.250173,1Q02INrzJuA3Vy1OEjd9Gg,2014,5
53.341749,-6.256762,HXA1lymb0UMtnrOAfhlJEA,2014,6
53.341751,-6.256284,7Majpy6aelXpuRZeIcZPHw,2014,6
53.341758,-6.249393,f1rau5Aukuzjc-_f0SwsWg,2014,6
53.341764,-6.249457,pvDqyqBlc6-jl3IwFygT2g,2014,5
53.341765,-6.249568,Y7XdvSpLnYfIMBDIZZSOBQ,2014,10
53.341771,-6.250151,YrBtTctV4RHygXLsmSM1ZQ,2014,10
53.341776,-6.249610,JCePMTYNLEIixvaFkd3e7Q,2014,5
53.341796,-6.249716,HTTSHD1_oBDjp0wT6X_g0g,2014,10
53.341796,-6.250129,jpzXQxg49ue_dbyerPO70g,2014,5
53.341800,-6.249749,TKwCW5L3q3SlkOBUg1-5nQ,2014,5
53.341808,-6.256656,GVMSEOmWKbscuIL8Mp7quA,2014,6
53.341808,-6.249681,jrARwT_YxhamuwCIp4-u5w,2014,6
53.341810,-6.252482,zPsBgfALDT0h2x4MYhmGDg,2014,5
53.341816,-6.252488,VBq_wYNpppe3FL7wbDYXqw,2014,5
53.341818,-6.254780,h27xpDw7r0R38Z3Ck3ttUA,2014,6
53.341819,-6.249850,JqjqtyUVhSwH48EREUapbQ,2014,10
53.341829,-6.252688,CWKdOfN1HFFuBbntB2rP_A,2014,5
53.341836,-6.249975,tT9wnQmsoAKTUbmKvVGh7w,2014,10
53.341838,-6.250014,G6I_JS5w9LG_DpgkCa1syA,2014,5
53.341844,-6.249860,P2cqtWM--Wde-AWzB-GKOw,2014,5
53.341846,-6.252922,mrjZxiL_tJpK0rSkF6tuOQ,2014,6
53.341848,-6.249413,6YIfu6wbgWChKjXE4V05SA,2014,6
53.341851,-6.252441,zpqK2b1WXONf4clHBBir4g,2014,5
53.341859,-6.250323,pwQ0Lj3oWqLemOtRDLI3Kg,2014,6
53.341859,-6.249929,2HaVKTX3VOtRLuAMs4eD-w,2014,5
53.341882,-6.252331,dO_EJgO6gdq_ir9z-Yd_Rw,2014,6
53.341883,-6.252995,sB_oTUMXOpzuMYh6E2ZmCw,2014,5
53.341885,-6.253172,s0YNcMLAV5vDO_ezAecQaw,2014,5
53.341890,-6.256695,yMlnekJPWBo-j4lrM9BmEA,2014,6
53.341891,-6.250071,Z73d4nIfEm1A4WgAYyA-TA,2014,6
53.341905,-6.250153,IB-ZYUtqpzaBNwoV2zfwvg,2014,6
53.341907,-6.254731,fzM99cub8HMO4Xf7y8TavA,2014,6
53.341908,-6.250144,EQaI-HVxb1uIZUADczDG3w,2014,5
53.341912,-6.253296,jm3Su2rUqLkgx9chycmQ3Q,2014,5
53.341916,-6.249364,WhSC1SvXFlDwQqv7sFNUUQ,2014,6
53.341926,-6.250316,sgSWV2j4nEYUBNWZOHhhTA,2014,6
53.341931,-6.250411,uT_L_S4klktOz4xo1NAlsg,2014,6
53.341931,-6.252173,4Mgf38ID80wxEK5aPkaJWQ,2014,6
53.341937,-6.253414,dYoILhoTNtrKaar0lI21QQ,2014,5
53.341948,-6.250361,2d-19e3SWLfhs9yyRHsQmQ,2014,5
53.341956,-6.254699,A6BVbeDt8S5M8ZaYSaI5jA,2014,6
53.341976,-6.256654,qt2K8zB0nbLwjZSIolTunw,2014,6
53.341978,-6.253602,Oqg6Ln0wzDx80blNDqp_mg,2014,5
53.341992,-6.252026,WxFCgYSn-1j1VZ7r-_ERdA,2014,6
53.342012,-6.249287,b8AvHr9qaMKnjbnaJ9ciMg,2014,6
53.342019,-6.251960,0QEk5Foc0mKRauLibhJF2Q,2014,6
53.342023,-6.250735,PrtGuFGH3av-Q3RUEUYk4Q,2014,6
53.342023,-6.250518,X-xL1goaKEj-TiXwoAk00w,2014,5
53.342050,-6.253808,mYdI5R-M7qFEjo5pmelSqQ,2014,5
53.342053,-6.253944,LwE3fqoNnSraXF2sLeDAtA,2014,5
53.342054,-6.250527,pR9XGgZ1B82CaL--WiX0Vw,2014,5
53.342058,-6.249257,brO-Wk-9Q7Koe6XScQjEwg,2014,6
53.342059,-6.250697,wzG_WBYMWhc1kp9qy6xBZg,2014,6
53.342066,-6.256604,QTVSNbI29J42OzVJMB0Esg,2014,6
53.342077,-6.254052,g6e9JllfWi7lRLyJfWAnRA,2014,6
53.342084,-6.251766,R6I4CFebsHqdfBgHX30HWg,2014,6
53.342091,-6.251065,9u5xo_ZWSO8IK6xiC9-plQ,2014,6
53.342099,-6.251253,jqjKd2NhcCmhVTCVa8jtyg,2014,6
53.342108,-6.254201,MY2kwtFjo1_F8tgbNbCpIA,2014,6
53.342112,-6.251630,BAQoVoteE0c0MSo14xFn7Q,2014,6
53.342116,-6.249221,WBuv0VeTb35CEO3Srxc76w,2014,6
53.342117,-6.254614,HXMurWSwF_GvDqneTCsXxw,2014,6
53.342124,-6.251429,-8WE9eQn4fxb2IZ7UH3ouQ,2014,6
53.342138,-6.254345,t7pQ7q11fYLK4qvgwzgNZw,2014,6
53.342156,-6.250494,kVwDuNXoxYYQ2w1-Y8YSJQ,2014,5
53.342174,-6.254515,rk9nX70kMhmL7qS7Aa577A,2014,6
53.342187,-6.254440,Hhgj77mXypra-2ma3mirJA,2014,5
53.342197,-6.249188,TLInuHJIrykelLiBDHTuAg,2014,6
53.342224,-6.254760,kc2ZjD2zAK2_bkD4fSN5TA,2014,6
53.342226,-6.250518,Gd_wh-hLULN3SdK7dipYrg,2014,6
53.342227,-6.254773,hmsUAEGONhBQQmjwPtbAvg,2014,5
53.342259,-6.254939,yry2WVoMTXvtur5ZrRMCoQ,2014,6
53.342279,-6.255018,EBlBbYHMzIbV6oyjkGn83w,2014,5
53.342282,-6.249124,YWO791rWKydLJnG-39CFew,2014,6
53.342294,-6.255086,ie43ypdvtzIwViF48_rjqA,2014,6
53.342313,-6.250460,2k1-TCB046LfVIFW-sSYaA,2014,6
53.342319,-6.255206,tIuf3OL2qaMBX2EsAbGeFA,2014,6
53.342338,-6.256461,eEwrxquNyvInhJo2SD8wIw,2014,6
53.342368,-6.256448,lUHJTaHnIZLtJXIowC5dpQ,2014,6
53.342376,-6.255486,nS_BszgvGvw8Nv3D8NqB3Q,2014,6
53.342380,-6.255349,aJeWg_LQVY8cCltdR2VjaQ,2014,5
53.342381,-6.249051,vjAZ7i0jyJRf5ZuijdFHTQ,2014,6
53.342394,-6.250410,TaYNFsAiAuBRZJYnCQSJRQ,2014,6
53.342408,-6.255627,1hCuM_M9cFBHJOCkzXle3g,2014,6
53.342411,-6.255654,eBGL9PNQKMk637Sukf7vQA,2014,6
53.342440,-6.249009,BJS6dyvBb02M1LG4WEHKoA,2014,6
53.342450,-6.255830,c7ZK_s1gPypcMZpBZltiZQ,2014,6
53.342452,-6.256398,qdFKuhmituXSUjrQhtYu1Q,2014,6
53.342477,-6.255953,Lyldu5oA0LwANoKuQEUT2w,2014,6
53.342481,-6.250356,PmnJHGG7heFMAYQtDcYExw,2014,6
53.342506,-6.256085,ndxN5bcql_I25wrOUQZi_Q,2014,6
53.342515,-6.256348,rpMyCiFNT1v6wxNHnmxkpQ,2014,6
53.342524,-6.256310,gEQbF6eAekExxQzOAnfTbw,2014,5
53.342529,-6.256207,FUUnSeQfNXxy4yJtPxLYlw,2014,6
53.342535,-6.256072,FmUb2OFRCmFIBxaNPbvf_Q,2014,5
53.342535,-6.248936,1yVj9NMYkOvhCyyMzdY2lg,2014,6
53.342566,-6.256214,PSmPmkOBNRPNSEVpqH_cpg,2014,5
53.342573,-6.250301,oPIdmHRRFqTKWGYPgHBTCg,2014,6
53.342582,-6.256428,4y5CUpJJG_ZHA2BO5BIqZQ,2014,6
53.342584,-6.248897,SDtOdZ410gf_sBwH61PAig,2014,6
53.342645,-6.256577,c7OQ7Xs153QA3-0Io7t82w,2014,5
53.342656,-6.250249,rrsr77w_S_lQTIgWAS9miQ,2014,6
53.342659,-6.248587,C_uPYEJgxDAEVoL4bgmwyg,2014,6
53.342662,-6.250183,uEk2apQmq1uFYUw7cosxaA,2014,5
53.342681,-6.256735,q1kOPOuu8Gh1zk4TEVN1zw,2014,5
53.342682,-6.248803,btiAh7Srkq5Bo5-9rlhYKQ,2014,6
53.342686,-6.248719,D0_Eqqacm_aceFhzE_70Nw,2014,6
53.342689,-6.256886,o1Y0D_3F_istYOVNr7N6PA,2014,6
53.342711,-6.248802,c4mwf07a3c3j-GGGm8le0w,2014,5
53.342721,-6.257002,54otSv5fWC7UF3pKwt773w,2014,6
53.342738,-6.250199,p55z8GemBM1Z6NHnhXE7Lg,2014,6
53.342767,-6.248731,5WF511U6B_Q1Fl0kTFEPSA,2014,6
53.342817,-6.250149,-KJkzq_ZnTf1UyjIwy5K2A,2014,6
53.342849,-6.248711,pDCHlFeTeBTxdyda36nY_w,2014,5
53.342914,-6.250089,d7hTfLkG23FYfbyL7SPjrw,2014,6
53.342926,-6.248662,qaBSettmFjtp9eMmdtAiig,2014,5
53.343004,-6.250031,mdp9mxG8KDz81KpEdnCOcw,2014,6
53.343004,-6.248608,FK-JvsYYy49CP6-RU6080g,2014,5
53.343072,-6.248520,zfuKs_bbbLEh6nlUGM7DwQ,2014,6
53.343098,-6.249973,AgaxXPrwmkWMRuCX1dzA1w,2014,6
53.343113,-6.248426,HjMeheG9EatSJsT7rraiEw,2014,10
53.343118,-6.248462,F9nUG7Tcbxlm_l6QjCX-Eg,2014,10
53.343137,-6.248436,FVnF5GtI_tyGMPW2Hb6uRA,2014,10
53.343144,-6.248545,8LS75aVMmAd-kHBR6f2Dng,2014,10
53.343158,-6.248461,XKyHC2pMhpKWeQ_nAMWACg,2014,6
53.343165,-6.248578,g42Ks4aXnBGeZ1CRB9MU8A,2014,10
53.343191,-6.248604,7Ixwc8Jh71R63yizUsFAXw,2014,10
53.343194,-6.249916,mGHbGsHMREYvI0u-cTtKYw,2014,6
53.343201,-6.248430,KQ9QkCQ2hfvXb6ge7vAXsA,2014,6
53.343219,-6.248627,8fmzuWQUoCsyt3YGpX48cA,2014,10
53.343246,-6.249884,9jsHpzc1arDvug2b7nAygA,2014,6
53.343247,-6.248648,8nlZMxIB-VET3xK5j1BRjQ,2014,10
53.343266,-6.248658,D8wlH6cf7KpekDrdjiLLYg,2014,10
53.343276,-6.248681,lRnxOm1ALjQPd9Xa1v6kRQ,2014,10
53.343288,-6.248719,JdlVTufFnzvWg0yLag4RDQ,2014,10
53.343293,-6.248365,lsmJx2M_O4ASBh6nvGDjew,2014,6
53.343302,-6.248769,bjlbqQuIyZXuxPLLujIMBw,2014,10
53.343314,-6.248810,K-Bii6CFgdJrBr0qJ6T0QA,2014,10
53.343329,-6.248861,GWeHX53ta2CH8yKmcLJE1g,2014,10
53.343342,-6.248949,7tpxohsG93g9OhIr_IklCQ,2014,10
53.343348,-6.248968,BIM2jtBHdOc8Dxp9AjPWzg,2014,10
53.343355,-6.248997,uQhlKkxOt_mBKQpeC5QvZw,2014,10
53.343355,-6.249764,meQ9-4U8zFx4axv20S-Rjw,2014,5
53.343362,-6.249028,PdFWOkzJkqusinaKFV8r6A,2014,10
53.343376,-6.249094,vg5Lw4E1-9q6MDFUKOrmjw,2014,10
53.343387,-6.248299,Y1DFErEaCQuzbvoSo20HUg,2014,6
53.343389,-6.249148,Dc-ezkj3fy4ozim0a9EEEg,2014,10
53.343397,-6.249098,n8UasrIv5r5eDbfbNkHFqg,2014,10
53.343401,-6.249197,4p1GD_txrGG_ju3QQqBZBA,2014,10
53.343406,-6.249222,tbm4BKageFWLNjJ8BBXbhA,2014,10
53.343412,-6.249151,c5VT_i3UmRWckwTnzf1Nqw,2014,10
53.343414,-6.249257,S-oIyl80XpIPMZ_0G8QYAg,2014,10
53.343414,-6.249664,Sbu2sjB0iJN67fiuW45Mqg,2014,10
53.343424,-6.249302,42evvbD52PO6wKu6Gx34uw,2014,10
53.343435,-6.249349,gPwFQ54bFL4UHJIx3Gl8Qw,2014,10
53.343446,-6.249396,QW0gxDw87ifMDzMHnqZO5Q,2014,10
53.343448,-6.249757,PosQBRqy6SEj0Kt8nFZtbg,2014,6
53.343467,-6.249436,5gEaD4cTwAAMXJuVs92zvw,2014,10
53.343478,-6.248235,nh50Xlw9aSq-GjsKMsqIjA,2014,6
53.343513,-6.249713,tYdCaQPy34V88vXBcVJ7ag,2014,6
53.343536,-6.249699,N1t_zqXNSe-W6mIvNORuTw,2014,6
53.343541,-6.249303,FRbJqv3RUfZYQUk43-V_nw,2014,10
53.343557,-6.249338,RLWg9iFrI62hSFdC8TyEeQ,2014,10
53.343563,-6.248173,quRf5fKH2HMh_5JjNdPwZg,2014,6
53.343569,-6.249391,RnwxkGzAtlJu0zCQra211w,2014,10
53.343587,-6.249620,XNOKsCy0-9l0Ok9-mQLqww,2014,5
53.343602,-6.248145,Yub8NgI45vSXcjL08ZdeXw,2014,6
53.343632,-6.249640,d9vpghpnWtu6TxDiy1CjMw,2014,6
53.343689,-6.248081,UX78GkPf9bNn-RVzSPKGuQ,2014,6
53.343740,-6.248034,JRfjR7szfu-GSz_IUf3Jsg,2014,6
53.343766,-6.249510,0lXaJTst2eCyuUbW2eFl-w,2014,5
53.343771,-6.249567,sC3gxwtVukxOiaam9p2njQ,2014,6
53.343793,-6.247932,z5vXwngmminHSpnOK65lTQ,2014,6
53.343805,-6.249486,4Wj-S5JSf436RGa53vReAg,2014,5
53.343886,-6.247951,hh915eVEkyKw-U9KHpSR4A,2014,6
53.343891,-6.247744,0GK5Lx8OVCR-WErTzrD6mQ,2015,10
53.343891,-6.249431,-NBliVnMYMoQtW6QaMR4Gg,2014,5
53.343902,-6.247787,3Hum9zHuiE3FNAysZibwaQ,2015,10
53.343912,-6.248084,PscJ-Z728V82-i_WygoAIQ,2014,6
53.343912,-6.247830,X40nshYF5XJ3PDJrNHHjdQ,2015,10
53.343922,-6.248347,4RVJOvvCyKzfxCgaCow4ug,2014,5
53.343936,-6.249481,jAocq78Ps3Ni0EybH7zXMw,2014,5
53.343939,-6.248218,EV4jyl62utAJ84IKYg7YUg,2014,6
53.343954,-6.247987,RRvQObBt_yxIF7dTC_DJhw,2015,10
53.343973,-6.248661,SV3bPjt4MnXAdxuKNhvVyA,2014,5
53.343991,-6.248179,R6_rW2PXCj4oUNjtQER9PQ,2015,10
53.343992,-6.248489,EM8zCsCDG7gJeh-5po-47A,2014,6
53.344021,-6.249505,yvZyVRYvlA7VWxUw3SEvsg,2014,6
53.344024,-6.249324,pxS3IwHkQNC8Xo_Oiu7TxQ,2014,5
53.344027,-6.248384,jiAElbgkf9HnVg4URoogYg,2015,10
53.344056,-6.248581,kERAEa-syG7Ir9S2WD9kaA,2015,10
53.344058,-6.248601,jRRebqPj_jqqTCfztEO8og,2014,6
53.344095,-6.248805,sa9XN3JBlW8y5milvGHasA,2015,10
53.344103,-6.249510,sQRfppp4blIF37iK36ROuQ,2014,5
53.344130,-6.249350,lFkWByHV4Bo-QvFOwPQ0Xg,2014,5
53.344134,-6.248988,xi6yaKWxYpb-FYK6aoZ8iQ,2015,10
53.344175,-6.249164,TkVYM2k09tvzo4lH6PDJkQ,2015,10
53.344205,-6.249670,GaiAj00d979BYuvR06R2Bg,2014,6
53.344209,-6.249626,hey8Q5CJgbAa4cwnz6BOzA,2014,5
53.344214,-6.249349,JDz1B5M5LRvjeP7FZDvdKw,2015,10
53.344222,-6.248499,A5jngBlIbn_3s-4JxWJuEw,2014,6
53.344250,-6.249548,WRyKXgZGxnfzCT5CMg4L8w,2015,10
53.344263,-6.248472,MghlsdJClomYMZkbG0kl5Q,2014,6
53.344270,-6.249900,WJ7zDw4yfcWYR3iYebWnUA,2014,6
53.344275,-6.249949,yBzBQYPQrguFj38i-pus2A,2014,5
53.344277,-6.249226,Jvb8vm9C0ESUAyW21w0brg,2014,6
53.344284,-6.249223,KGe5FO4qP3XCUSeBM9jHkA,2014,5
53.344304,-6.249788,C3wpWrIZn06mL941u521Nw,2015,10
53.344320,-6.250270,o4oTziGIIL9ZNAHnEUzbPA,2014,6
53.344344,-6.249972,rO_6dfVrvuqK5vWMDVurkA,2015,10
53.344345,-6.248423,qskJmelACxBUugD6ZO8yNg,2014,6
53.344358,-6.250464,wBa0cmuDQcaNVG6TIci12A,2014,6
53.344381,-6.250162,6HT-XhKQ7fd_vaxKf5E1lg,2015,10
53.344386,-6.249148,S8njqCXpOuoPV36nFQ-C0A,2014,6
53.344392,-6.250628,P5yAfUg2P-Db77LKR4qP5Q,2014,6
53.344416,-6.250337,oo14qtOOD5aCLsGIExDqxA,2015,10
53.344424,-6.249123,BkFR_XfLsdZo1hlIdacErw,2014,6
53.344427,-6.250383,MXPCgJxUYUFG-nTvo3_29g,2015,10
53.344432,-6.248371,NteZWMnLmluShj6gpsLztg,2014,6
53.344436,-6.250430,ovF461lEQcUF0PXPArK41g,2015,10
53.344447,-6.250476,xju85-crh6Fj1KyNfOQ0yg,2015,10
53.344449,-6.250729,pvRnuxQBu9M_i6A4pDa62g,2014,6
53.344453,-6.250524,BqWavA9cwPiwajCqVvi9VQ,2015,10
53.344464,-6.250570,L_JHMFmMYkmmnrC7JbjbJA,2015,10
53.344473,-6.250614,67YJHhI4rB3fzHTFOthjEw,2015,10
53.344482,-6.250656,Mo5EmknwRZKUcV5jkzXbjw,2015,10
53.344488,-6.250908,QH1QYshAfPUVkh8tJ7kvUg,2014,6
53.344491,-6.250697,ZRwWmjUHrQbOGLeP9XMCwA,2015,10
53.344501,-6.250735,KNZXMLedz4uiHuL67sjWWA,2015,10
53.344510,-6.250774,rGM4N-2wwePGl2_J4Pjnxg,2015,10
53.344518,-6.250815,b4UynbVpmR9zrIFhG3bIfw,2015,10
53.344518,-6.251059,als3QslijQVT81XAp5RJ5w,2014,6
53.344527,-6.250861,kN-ut2Jrv1kNZxQTKYf8fw,2015,10
53.344537,-6.249052,MJ-XbPznNvy32mEM7Yifww,2014,6
53.344538,-6.250911,MDXFVlAfpc88KQHQOnfBRg,2015,10
53.344540,-6.251343,_eb3_DfhHSTVhOOLYI8l2g,2014,6
53.344550,-6.250959,RXTQV4z_KWTRAopk4TUczw,2015,10
53.344561,-6.251247,2vsRAg71j7nRVzPiNenk6w,2014,6
53.344561,-6.251480,zzIf3j_cm4J0Sg6KiXiLtg,2014,5
53.344561,-6.251005,AFgSbXZFniudyw4oNVTevA,2015,10
53.344562,-6.248301,LtvbJvJf7a5VF0W_2xvKzQ,2014,6
53.344574,-6.251051,T3UHa1D4IoYT4qNB8px8Zw,2015,10
53.344580,-6.251092,KXYE4unu8DHAt31od9wh9Q,2015,10
53.344583,-6.251572,ZJvBShFvYQ2WAie9ne0YHg,2014,6
53.344589,-6.251132,WvRK90Hpt26t2mqgFtaYRw,2015,10
53.344598,-6.251181,4dbQPgMNrONnb6C0I7DUMw,2015,10
53.344602,-6.248281,eJaMjy_QryY5MWTsBIRxRw,2014,6
53.344604,-6.251689,zC7MBDH-IPt9HR80TFvh8g,2014,6
53.344608,-6.251225,rCD7tXJdDZ5n9Zqzq5-pWQ,2015,10
53.344613,-6.251739,F1yO2Zj26J53Kx8T41ug0Q,2014,6
53.344618,-6.251266,XEWf1cskGJTucobRcdJiWA,2015,10
53.344620,-6.249002,UDXvjKgPjhnE_qLL6RwJRw,2014,6
53.344629,-6.251311,fou66yIN-Jk21aPDsRhWGQ,2015,10
53.344641,-6.251362,nM9es2jBI9YGVLWz6id-vQ,2015,10
53.344643,-6.251769,Oe9Dhe7lW63Rzw61xLxwcQ,2014,5
53.344654,-6.251499,KCU9sOAO_nqWWfTMAP_l4A,2014,5
53.344655,-6.251421,ud9AjjF466paxKmUCPiiWw,2015,10
53.344667,-6.251475,CdRvIqLrsJ-p3kRvWGvohg,2015,10
53.344677,-6.251528,BuCrgqeFTHZ08y88ityI5A,2015,10
53.344682,-6.248242,pKrDBTsRweUerJ6RQLEZ5A,2014,6
53.344686,-6.251576,eJAqy4G21Ctq0BvYlW01_g,2015,10
53.344687,-6.252147,3uBNPevYG_QwwrMsRi4GCw,2014,6
53.344695,-6.251623,EvBYTzLRBcM1sq9QG6Oi3w,2015,10
53.344697,-6.251934,ymwFArC0X3uRIajkV9cUbw,2014,6
53.344704,-6.251667,YTEA_ih1aLGF9RE2CvgNdg,2015,10
53.344707,-6.248951,AXLJ4Dvy9yD3LyqoDqPJTw,2014,6
53.344708,-6.252285,yM2O_b6wVgKLEyOBzB_vtg,2014,5
53.344713,-6.251712,29q1iPrRtpCjLnhNEYJGaA,2015,10
53.344723,-6.251758,ZIFYmmjiesTSrQxVcjl7VA,2015,10
53.344740,-6.251853,63aFMmCUZRzCF-BG4ZWL7Q,2015,10
53.344748,-6.251498,Axbs8atcc4I0TtgmzNeBBA,2014,6
53.344750,-6.248925,X0nsyOLYp4nlnlI0hi6pww,2014,6
53.344751,-6.248203,mbBMN7UAKF-zovIC6ZllJQ,2014,6
53.344770,-6.252062,q64UM0BDOy4Qn3vzOOkFVQ,2015,10
53.344773,-6.252649,JMuZQzK2C3TBAD9FvktOnA,2014,6
53.344792,-6.248900,hdmVgsj842CMo3aNZLeTIw,2014,6
53.344795,-6.248972,jyLgXLBc96X0-0oU-m0Whg,2014,6
53.344799,-6.252791,M7Tqcg1A9Co8iqjUuYtHRQ,2014,6
53.344800,-6.252497,mdYILenM7G8t2gRE6Lohtw,2014,6
53.344807,-6.249112,q5p-rm_Hd9F4VW1ztCbB2g,2014,6
53.344807,-6.252268,47Fi6p3xAndRA-KmgS1Dpg,2015,10
53.344812,-6.249185,9tQ4BSqf9RyAvVfYbQX47Q,2014,6
53.344816,-6.251480,E7X4diDuMsS5d-5mebPR4Q,2014,6
53.344822,-6.249338,UuWZf6kjRS6dGLqTRhrcnw,2014,6
53.344824,-6.248128,OtWs0MHdKf28OpVMq5xg5Q,2014,6
53.344825,-6.252929,P-iqXir8mnsrQIp4VeFzzw,2014,6
53.344836,-6.249544,C3Ng_MTbNRfJQJbgrmyM2A,2014,6
53.344837,-6.252466,TJW2wgPQlC7zHdpypLQq2g,2015,10
53.344850,-6.253066,X1t4qspRg_SrNSJXr36pLw,2014,6
53.344854,-6.249744,SFwMGgl7SrzWCWP_IHGvgA,2014,6
53.344865,-6.249791,KCbN7IMxCLdVEjerJHtrwQ,2014,6
53.344875,-6.248851,I2w_4voYPXsTO1pGT4lfUA,2014,6
53.344878,-6.252718,9WEC7nKeZ-dn1Tci1sjlGw,2015,10
53.344882,-6.249954,Z3S3W2Cs4vJtK8X8hZVytw,2014,6
53.344884,-6.253232,Ihpe6C9yMwD91bPq_4P0aQ,2014,5
53.344888,-6.253273,JjZBYb08lPpNwo-YPaa9Fg,2014,6
53.344898,-6.250141,BywTvOXJH0io86ScUWvDnQ,2014,6
53.344911,-6.252260,-vBiD4Ee06eAyL4eO17k-Q,2014,5
53.344911,-6.250284,UxUlEMZXHdLYgqAX3sXnYA,2014,6
53.344914,-6.253419,luEGe_S03oIhzKCbzKtzCg,2014,6
53.344923,-6.250426,Jjc3BwfS02beINW7xM1Wsg,2014,6
53.344929,-6.253013,eXQZ5T5EK8XMFQj4bkYchg,2015,10
53.344936,-6.250568,DzM08MXB52iwdsTuk39VFQ,2014,6
53.344944,-6.248053,GkyOjjZVUONZA9v__DyBjg,2014,6
53.344945,-6.253586,_NgRVBdA6YHYbDxHGOWLOg,2014,6
53.344946,-6.251443,oSWlOb8ZEd7Ltg2KgrSlmA,2014,5
53.344949,-6.250715,ijfF1MGCKS-SCg4WoZwGbw,2014,6
53.344957,-6.248803,NVVwIZudGNP-Af7-pcWe5g,2014,6
53.344959,-6.252267,sXPovLwB6a_heWO9_94MYw,2014,6
53.344962,-6.250872,fQIY9bK_6EyRsYFftJUqpg,2014,6
53.344964,-6.253204,xpaAN39vmZu2P1kfnH-A1g,2015,10
53.344975,-6.253181,PshOxza87tNMOzyHgC0dJA,2014,6
53.344977,-6.251044,jrSLuZQ7XSO-XcEVZQlCng,2014,6
53.344984,-6.249147,Vs_g5Bv8IR0aZBqbOtiB-w,2014,6
53.344995,-6.253395,2ZTMvWn9EMwtecuLxby1rw,2015,10
53.344996,-6.247926,-UkXwjZG_BnP8qIGxcMq1A,2014,6
53.344997,-6.251206,aM-qmaHf8KMaTELhyPcAGg,2014,6
53.345001,-6.248186,aPde637EQy9kWJFSVwo1pQ,2014,6
53.345005,-6.253442,FSVgrTGDaDi4YFiX7mfIDg,2015,10
53.345010,-6.251381,cae7tZFSUnvn_faFpxmJNQ,2014,6
53.345012,-6.253488,8TvGfvFUxOkpPTsNqaao0Q,2015,10
53.345020,-6.253532,fXrlOmX-lij5icMM9-1BkA,2015,10
53.345025,-6.253568,bTwrCDLg-IVwpcCb6f_kKQ,2015,10
53.345026,-6.253870,fHvOjG1YLB1lPuNLq0WKOg,2014,6
53.345029,-6.253721,MGpsxOjoiyNxd0VldqIEYw,2014,6
53.345032,-6.251426,3ljsuRGnz_1tjNuCbQlIhQ,2014,5
53.345032,-6.253614,Ff1ytScZxgsxUtP5FIxWiQ,2015,10
53.345039,-6.248753,nzGLyEyjG8yzrwwP5m8Pww,2014,6
53.345040,-6.253661,Q4n-nd1_azgwdDOXG2UlwQ,2015,10
53.345048,-6.253711,2gIIFJqMxYf33WmeHQA-Uw,2015,10
53.345056,-6.253165,cVGsbt2PgeB5QB3akWBkOw,2014,6
53.345057,-6.253761,yJn_OyHy70FTLab2C9X2sQ,2015,10
53.345063,-6.252252,Fs7-IHdvO4F25KEBez8gjg,2014,6
53.345064,-6.253812,U96GMZPIiyXk-pv7WkWmXw,2015,10
53.345070,-6.249112,LpjqAH2tsBNoffcZXHnF7w,2014,6
53.345075,-6.253862,iv40j39Xdoo9CfSOPS1UDw,2015,10
53.345078,-6.253999,9k6b3Dg7WRl0fZltQhO2zQ,2014,6
53.345082,-6.248726,R9Kwkm3QWz8SUOUpN8H06A,2014,6
53.345087,-6.253912,NjxXOa0fbTrdb6jXndD9Xw,2015,10
53.345100,-6.253958,M4f86Qf5Hm53X7QZnnHH7g,2015,10
53.345102,-6.252245,WxsW03POH_WTyKoxCQZa4A,2014,6
53.345103,-6.254137,0OZAi-qaH-eRJRzM2qJ9oQ,2014,6
53.345106,-6.254454,-ujaa1vJw91eb71VtxOV8w,2014,6
53.345110,-6.254006,sYYw1Nn9-quWhdmm3Szlmw,2015,10
53.345111,-6.249869,9Kjpu_0hIRuI8wXolZ6mjQ,2014,6
53.345118,-6.250185,wivQHoWNVvnVbl8mawDmxA,2014,6
53.345119,-6.254522,PKqFw9fSFT23c1-qo4VYZw,2014,6
53.345119,-6.254057,Dhp-5L3otHQBdXW_0k-EIA,2015,10
53.345123,-6.250490,nXoTgNzQAUIjrOWAbqRSug,2014,6
53.345127,-6.254106,ypc8YQhBPCuIAxVXJr998A,2015,10
53.345128,-6.254270,XgN1h1k-hTg3L9w5m7U64g,2014,6
53.345132,-6.254590,dWizIw8hodx5VLOLwzWLjg,2014,6
53.345137,-6.254154,UCyh94S-Q5osE-DjCfG9aw,2015,10
53.345137,-6.250716,3tRbOFdoXQknhUW8SVyEgQ,2014,6
53.345140,-6.247562,hqL_p_RsNj2nqGlNWDvbSA,2014,6
53.345145,-6.254204,zkTT-YRfGwzjGkWpQ1fUJQ,2015,10
53.345146,-6.247779,FUC7lGUDo2cwq7Ym8khgXw,2014,6
53.345151,-6.253149,IVDyy76OK7waKsEHR6-4kw,2014,6
53.345152,-6.252217,MgWNeUFs2s60NIahWN6u6w,2014,5
53.345153,-6.254254,ciMaRXGsWookUjBLMQkKDQ,2015,10
53.345164,-6.254302,OSbEf4UEk0gjrtr_4NvpUA,2015,10
53.345167,-6.248675,c2DyXUxM7pdN1GxN2UJwKQ,2014,6
53.345167,-6.249138,oSDa0KEoGioA6ajbl29RNA,2014,6
53.345173,-6.254457,GwT9vIDK6rp6ftga7WHjmQ,2015,10
53.345173,-6.247677,XNk5TIwms_dGpWFeliq8lQ,2014,6
53.345181,-6.254509,kPALexplADOM0owoGDDSFQ,2015,10
53.345184,-6.250990,h9NOsFqi52wwgf7ZTi_BGQ,2014,6
53.345190,-6.254556,I310RoIz-sBncwEYBuY2CA,2015,10
53.345207,-6.254995,kE7qPI8JDpjqhfeUUQPmgQ,2014,6
53.345212,-6.255017,J98dC6eKHo8bPsGhNvACIg,2014,5
53.345220,-6.251025,RpeI-KI7EUm_0-aKX70eEg,2014,6
53.345229,-6.253135,pwjWD_-9b5sKcehPOC7EEQ,2014,6
53.345235,-6.254793,aC-mSmlunnBRqjgQkOpfOA,2015,10
53.345251,-6.255136,tbWs44LeBCQ5L3WRYBemNw,2014,5
53.345254,-6.251379,4GdpzdeZXHjnfmuaxoszCg,2014,6
53.345255,-6.254887,_GouC1KlfePdH-1yWeN2NA,2015,10
53.345255,-6.249117,vhS6D9gKzxazuMLGEEs7WA,2014,6
53.345265,-6.249695,t02vyqiE19fK0xUYsKt0qw,2014,6
53.345280,-6.255389,5-IP9i5Z2eIXdk8isbzmOw,2014,5
53.345283,-6.255035,6wUsmd8vbQDW6WhkJpEoXQ,2015,10
53.345288,-6.248603,xeoBBuykcnAYB7uVlG6LDA,2014,6
53.345291,-6.247525,WtDW7vKwQnnrcixLLq6B1w,2014,6
53.345293,-6.249182,0nkIhV7nd2UGgXo9WsTdow,2014,6
53.345299,-6.255459,nqX7FkCoyrTEBAPhiQt3kA,2014,5
53.345306,-6.249656,F6q1ld2cueckUhsmybTo8Q,2014,6
53.345307,-6.247604,H_r80EtU6Di_2poHAFC98A,2014,6
53.345316,-6.249231,97ISrWJAaBrclF37lZmAFQ,2014,6
53.345320,-6.249097,p3tbR_Ifz5uxmFZtLijaWA,2014,6
53.345320,-6.251024,bFuEWZTVo3g3xmfLoPo5pA,2014,6
53.345323,-6.252205,SDFE5Ws-pi6emDSab41cOA,2014,6
53.345324,-6.247681,FJvmhHccHiNWGXAP9vtlwA,2014,6
53.345325,-6.251379,XG8sM8a_1Y79DYJesMJgOg,2014,5
53.345326,-6.255160,5cjxuoP30phrYmuX9gbGYQ,2015,10
53.345330,-6.253120,X7enCtnGxjf5Tc111qKwFQ,2014,6
53.345336,-6.249376,g5HKKMGJSsV3X8LLtD8t-A,2014,6
53.345341,-6.255605,dL-5qOFFVLgdZSdNTdrjFA,2014,5
53.345348,-6.249518,_RFE44jp9DyiXYKdJXcwxA,2014,6
53.345351,-6.255282,uAUJNjayJ_8w0uyzu_rtog,2015,10
53.345356,-6.247844,_Ny1VLdFCyIeSwnlunM2Cg,2014,6
53.345359,-6.251356,J08zbFuFR7wQnm0RP0sy0Q,2014,6
53.345368,-6.248553,DnR5iaJHWO5NooNUIbY08Q,2014,5
53.345381,-6.255735,OGy_Brzl89fWzJdluNCOjw,2014,5
53.345400,-6.253110,-RcaBAXdIwxp7ulJZ66mkQ,2014,6
53.345404,-6.248154,U5TkInHhCg4-MiN76jRAXQ,2014,6
53.345410,-6.255383,hW2foIKsoDq5F-hTOM91qw,2015,10
53.345412,-6.248136,ZndEd5Y_hsNhtRfvZqobEw,2014,5
53.345414,-6.249043,SeM5vdpeGCbDoroxenG8EQ,2014,6
53.345414,-6.252187,oQXDzHBnKUSZkeVp_aGFMQ,2014,5
53.345415,-6.249985,cQAYpTo6i_YxpAU9egAPRw,2014,6
53.345417,-6.248528,qdn40lOWCWDqFpvwkhCLnw,2014,6
53.345418,-6.255859,n27vJbuf7nnvMpGzEOZjFQ,2014,5
53.345427,-6.250139,Dn622ViNGr1YJr3z1Kming,2014,6
53.345438,-6.250291,JxT_NPR4T774qQkhjWuazg,2014,6
53.345451,-6.255973,yrpgXiFB4-Q1wNmQDD-WPw,2014,5
53.345457,-6.255580,K51bDJt-pTnDxtzYjAoRUA,2015,10
53.345461,-6.252183,l1vf_yHBv8vElB3F3ugm1A,2014,6
53.345462,-6.248503,mv3psoEbzuuCfwHXXjBj7w,2014,6
53.345462,-6.248307,6NIFm4Tn3mh5wp_b2a-aIA,2014,5
53.345469,-6.250515,wn5jDX_rNldF7nRMHp4hLA,2014,6
53.345478,-6.250962,c9DCWA-rvEpGxHmsPwvRQg,2014,6
53.345482,-6.256084,tAvjsoDTqPnJYp89sFe5sA,2014,5
53.345484,-6.253097,M0Ay2I6eReuDjPBnVKSq8Q,2014,6
53.345490,-6.251333,GEj0m35p1Lk9RJRXbMyTBw,2014,6
53.345498,-6.255763,n766xtEb5Z5vmNXHnfXKQQ,2015,10
53.345500,-6.250895,CvK4SgwMgNMlKjfjuYLf5A,2014,6
53.345501,-6.248760,5qblgCxVvWpd5RsaYQ0iZQ,2014,6
53.345501,-6.249040,BOgWJh1xt-ahA_cCc8WwaQ,2014,6
53.345504,-6.250812,DHyMpQV58HAAOgYCs2KV7A,2014,6
53.345513,-6.256199,P1lbw_ognF-n9jxoHKYNsw,2014,5
53.345541,-6.256308,OdyRLGKM-m72HqgDHmHdlg,2014,5
53.345542,-6.255940,ErcdIzaCxpq9IXytR6DFKA,2015,10
53.345553,-6.248884,CjMseZQgtE41d-AD9kpqsQ,2014,5
53.345561,-6.252164,FhMj2L-z5BnyTUlBQluf6w,2014,6
53.345563,-6.255102,UPa-uAQG3ZvIrpFft7DoEw,2014,6
53.345564,-6.251314,OBatPcapLlSb6-3fi3pWHg,2014,5
53.345569,-6.253085,uqdRZbiPJinrEw76BHtfKw,2014,6
53.345577,-6.249100,MMsn4LuVjctLMLVZhp01YA,2014,5
53.345578,-6.248340,IVkpnktHlYN7XAepWgFJKw,2014,5
53.345587,-6.256116,wknzHWzgEE2mpReDUcB_zA,2015,10
53.345595,-6.249273,gAq6CLFGJWrcpHbpn2auXw,2014,5
53.345596,-6.256159,eYIiXVHl9bJZs1nc59uBFQ,2015,10
53.345603,-6.249359,bLXk0cxXPfWnmxIeGEF48Q,2014,5
53.345604,-6.256202,MiYyap6O3oWTL3MNJqAUgg,2015,10
53.345613,-6.256246,lGa8o6XKAEQib9slhm0cuA,2015,10
53.345616,-6.249523,mjIgYcaowbgoiaKmudbtew,2014,5
53.345624,-6.256289,Q9WEST3HxLawssRcPPCPDQ,2015,10
53.345626,-6.249672,8ywtPAtzztKJhvsd8e8loA,2014,5
53.345631,-6.249747,5BWUVlDIu--ZDjhqOHyfSw,2014,5
53.345638,-6.256330,q3Oq4fZFltokBysEoLcsgA,2015,10
53.345652,-6.250069,UVHjevBUzJtsLg2mCHRnLQ,2014,5
53.345658,-6.253077,6HNa618w3Nm2CdplF8lYdA,2014,6
53.345662,-6.250204,jZQUNZ7stA7vLCCbbm7BOw,2014,5
53.345671,-6.250343,mcjnC7NT5uSu72gdvfC_5Q,2014,5
53.345675,-6.251245,Og9zziLzTgogZq1QlhxPLg,2014,6
53.345676,-6.250414,PTPqGx5ysJ62MO7SubUPeg,2014,5
53.345677,-6.248390,Jv3Xhx1Ce8V7dFnGT3HcgA,2014,6
53.345682,-6.250637,t4Z5dLy6FYmYU8r8ZWMYvw,2014,5
53.345690,-6.250762,2c1cP2QZthuHVhcGJYm5kg,2014,5
53.345707,-6.251031,uxmQPgg7SpMsLtZ09whpYw,2014,5
53.345710,-6.250899,txxzGGBR6qpSluRM7oT3kQ,2014,5
53.345726,-6.251114,wuXOrYCDKaylZJl_9g50xw,2014,5
53.345733,-6.252145,fsgiAZI6tpZuh7l8UQQ8HA,2014,6
53.345737,-6.251227,scqimjhZmV1hk0ZmA5tEMA,2014,5
53.345743,-6.251362,gKI1hCWTmlszNj4b1lfZng,2014,5
53.345751,-6.251471,csdfSjsMN1Eh1U7YlvQFQA,2014,5
53.345759,-6.251651,evHvgdxnQjHYhao9Ew3xxw,2014,5
53.345763,-6.251742,dLXf8X0g0YojTOoWbl8U7g,2014,5
53.345766,-6.252171,0elPJaFspdqMJwIyvb63rw,2014,5
53.345768,-6.251843,FglqTR7QcxKKDGPykMDkUA,2014,5
53.345779,-6.250415,_c6KSzMub5GzNwlU5tvYMA,2014,5
53.345782,-6.255118,XmGW7DUQjYAAFBTlxulLuw,2014,5
53.345788,-6.253058,x6acIcnIt2C0dfuCfZrH6g,2014,6
53.345789,-6.252121,pzTU1ay1sILYlqq22npWsw,2014,6
53.345792,-6.252278,4j_o2-YSSTXp4JrRRTXyRQ,2014,5
53.345795,-6.252032,YAuR8h8bHArpFkLCHty-uw,2014,5
53.345798,-6.248327,2tBOHJcyYNDQAyCV52GtYA,2014,6
53.345801,-6.252463,2s14bp_1vh8n50vU84a3lw,2014,5
53.345804,-6.252535,Pm---wFXzcUPfMK5t7I9aA,2014,5
53.345812,-6.252689,G6Ib42TXovz660osAiXxfA,2014,5
53.345821,-6.247375,M5B4gsbco0uS9xNyPlJWyw,2014,5
53.345826,-6.252925,GDUY8v2l3IKIv4VG04r9RQ,2014,5
53.345831,-6.253156,6avtUA8JlJnABr95V-1tBg,2014,6
53.345832,-6.253000,JyleGOTqvFAIBPnAJbLnag,2014,5
53.345836,-6.253312,62NCZxtFiOLP4Wuh65zP5Q,2014,6
53.345844,-6.253559,na4uzpSIvAvh8m_pB2i9wA,2014,6
53.345850,-6.253691,10PC_y19er45lsmQFNyShA,2014,6
53.345853,-6.253760,pgqc7TcDbDS74EhU6Hv_Vw,2014,6
53.345854,-6.253361,9XXP3waAvDgxWEVlaTBLqw,2014,5
53.345861,-6.253981,5RmKPA-ySL4e9OrI4cKUjg,2014,6
53.345865,-6.254056,5L3NWl9Mx7ybjNmg3gczIw,2014,6
53.345867,-6.252140,OiNfdrXYua7brppx3OnuXQ,2014,6
53.345877,-6.254356,-o8syaoDQlDuN1DhuMG40Q,2014,6
53.345877,-6.247349,tRP8b2QvWamiJVfxMBbRtA,2014,5
53.345883,-6.254524,vgncvlvbOZADsYwf6BeOqw,2014,6
53.345883,-6.248284,c97jXQqGxER7HaxnCS_Lsw,2014,6
53.345892,-6.254713,6vehPE5HY9-UU3UejTk8Sw,2014,6
53.345894,-6.255100,Z-JIvo8D8ZqqoZJn1J_8uw,2014,5
53.345897,-6.255038,rtnLfr_bwiN184DWWS-TkQ,2014,5
53.345898,-6.254838,WQNpsOQrv63o7ucFPUOvCA,2014,6
53.345899,-6.250397,diajtKIiTr-smGjCQXLLWA,2014,5
53.345899,-6.255039,qd0MR0Bj0m09C42Eb_1pYg,2014,6
53.345902,-6.255484,KZob-pFgv8j1NZjiquzFPg,2014,5
53.345908,-6.255279,gGsvmtP8ASw29JsI9r6MLA,2014,6
53.345911,-6.254940,XvJbVoAS470kB4QnbLIRlg,2014,5
53.345911,-6.254228,LeN4_W-8JFBWdoOpHePBww,2014,5
53.345930,-6.255717,dBb3BjfYv7SvAuM2bBgNbg,2014,6
53.345930,-6.255474,fmK-TvtW3gPK2mQ37wQkXg,2014,6
53.345934,-6.255894,i7m8oonlflLHJWx6V16k8w,2014,6
53.345943,-6.256080,j31M4_aMIJ_q2O-hCItQ8A,2014,6
53.345945,-6.256225,ZbtHAAiU5NcFo5YscKh0Yw,2014,6
53.345954,-6.247454,SmXzGkdxxNjGGrMX_E8e5w,2014,6
53.345966,-6.254113,ZtjBCR5cFIfaPEmk_Qbj9g,2014,5
53.345969,-6.247375,iCT24fLuC8h-4zbgNKVA8A,2014,5
53.345973,-6.248240,S56fK57OEyXSD5EJgbPpnw,2014,6
53.345975,-6.255184,zRCK7Q0nO-oNcn0lE7vyXw,2014,5
53.345981,-6.247629,zn1nLc62-gs8xjX1Gy6wzg,2014,6
53.345998,-6.250383,jbOXyWYA556P0deLflkhyg,2014,5
53.345999,-6.252085,JggI5rK1wLeIChZ-2Ab5WQ,2014,5
53.346007,-6.247774,5WMYTjDg4d2OORSDSQVcRQ,2014,6
53.346018,-6.254098,Hps3DEMTSDOQJvGvrR_jqw,2014,5
53.346037,-6.247956,k_zYvTcgmdSmu-Zc4orlew,2014,6
53.346066,-6.247296,k5mOm5EEimwKBp3Y4w-aUQ,2014,5
53.346067,-6.248193,aAF31K1PRTX98pmtCWRSNw,2014,6
53.346074,-6.248058,fz3EG63suhsfTosVBoNSQg,2014,6
53.346075,-6.255127,ZUZb5Ej0WaSCuih8Su1Nvg,2014,6
53.346079,-6.252076,-2VPJYkd-W7q6QU3IeS87w,2014,6
53.346079,-6.250367,VZpEo2iYA_EVtE8Bd6Woqg,2014,5
53.346105,-6.248251,pD5C4Is4jgI1Y5dyi-1hgg,2014,6
53.346140,-6.248414,egmMKWphVBvUUuJnT6ncyg,2014,6
53.346158,-6.247266,EadB8Km2ZBw-tv52eu47Iw,2014,5
53.346158,-6.250354,KS6FQHUZbF-v80y7H9tyqg,2014,5
53.346165,-6.248540,nUX0i50cUotuFS0A9AsmmQ,2014,6
53.346175,-6.252067,R0Hh_ZME4V04LsmxY8JctA,2014,5
53.346180,-6.248609,dUeZJNf4H_tmL6Y769HuHg,2014,6
53.346202,-6.248547,-a8i5jhptxu_ahEeHIbytQ,2014,6
53.346203,-6.248123,cPUodFx_NJnVKN4pYyKjiA,2014,6
53.346209,-6.254077,ISaI7HZFckOnmdDreKMyzg,2014,5
53.346213,-6.248821,bUrdod9VwIjRsRl8LWT_7A,2014,6
53.346217,-6.249376,LeNUPZtgVGkDLSSTJLHGpg,2014,5
53.346222,-6.248889,Nwi7MOCmHSjoy7aEeIwZWQ,2014,6
53.346230,-6.247246,GRSOVdy2NEH_ZV2EFfTxDA,2014,5
53.346243,-6.249036,rZw241sYcSL4kT3Vt_Ojog,2014,6
53.346246,-6.252060,NicfOVW5TgnyrglPuX9_UQ,2014,5
53.346256,-6.249628,HBfLVzBJnEP21frX4OIYFw,2014,5
53.346261,-6.250341,wbeHK02JgJ2gmqZvhk7kIA,2014,5
53.346262,-6.252055,yEdUIGCQ4WK-TCQqrfwWgQ,2014,6
53.346278,-6.249769,rT7K_6-ufapOHxF3NCau3A,2014,5
53.346291,-6.248074,5qt4QXZ7Aud4u6v4v0Z93w,2014,6
53.346301,-6.249920,ZmqMKUFQJG2PCTFTTpgogA,2014,5
53.346302,-6.255151,6ID0IPP2qvGznjFz3u3TlA,2014,6
53.346304,-6.254067,_J_NVPC1OP7TDZMNGiFMEQ,2014,5
53.346309,-6.248514,BdY2pv2HEvSU3FvSA-v3yQ,2014,6
53.346343,-6.252042,L-MAIT5v8oWTpg4ZGj_qtQ,2014,6
53.346359,-6.250343,lurqc3M95WtMQtTEsURYGw,2014,5
53.346368,-6.250535,3jmnZg7jTOapdD6NCDoKmQ,2014,6
53.346386,-6.248017,Vhpa7XXWWW7k7xshExP50w,2014,6
53.346391,-6.255147,XFehoPg1nOoAYryZxYWeog,2014,6
53.346391,-6.254056,8FaL_BTLahwKPZ54tDIycA,2014,5
53.346393,-6.248486,NZ--rBB5tqzbto2YDgJUlg,2014,6
53.346404,-6.250645,ijZRuzqMzbuNMgAaxd6nOg,2014,6
53.346407,-6.250828,z5C5sbOMYqVM-1aoRBb7zg,2014,6
53.346421,-6.250971,8c9iqerTMdzKLof4TtoyOg,2014,6
53.346424,-6.250305,evK6CspHyiHAe-N-MvkomA,2014,5
53.346429,-6.252029,pKe_bqWoK_V2uWrbcjv-vA,2014,6
53.346443,-6.251130,IxRBNLryZ_GYleIvFO1Avw,2014,6
53.346467,-6.251300,PfT_dwycz3w75nEb1gnaEA,2014,6
53.346483,-6.250290,-XeUAL-PqrcjbkPm_Sm7-w,2014,5
53.346486,-6.251460,AFdHfJ7XHi_xlElL7tKcrQ,2014,6
53.346488,-6.248460,KRSHdLTdw8FsJAw0J34GEA,2014,6
53.346492,-6.247949,OvOQhnv0C_1Sr1XexKUEhA,2014,6
53.346506,-6.251614,Yijxcmu5o7PR3c_iwMFhlg,2014,6
53.346525,-6.252014,uBVitR5WhSdcqhCffwJDAw,2014,5
53.346527,-6.251771,rCGTzJ-EQ-aaBBJij25Efw,2014,6
53.346558,-6.247905,Ank11QQnO3GWqvU0EQqxjQ,2014,6
53.346563,-6.255126,FbTrunwHYvxICALEaP2MBQ,2014,6
53.346569,-6.248442,czAPfOTqsEO1qPrSSTG9Pw,2014,6
53.346571,-6.251945,om8CJeGKknCi4o3-lf_FNg,2014,6
53.346572,-6.252007,90Fv_43J4VeD2-8TElOhtA,2014,6
53.346578,-6.247924,JhUlVqrFb1UVfNGJnqzgkw,2014,5
53.346584,-6.250266,j7EuTp2mHjEQZDJF295rig,2014,5
53.346607,-6.247864,_YhTfFT9L7Up0MfZk0cqqA,2014,6
53.346636,-6.254019,vAvUYLckOou-1qr5JbICqA,2014,5
53.346645,-6.255115,TPMeTkdtSoalvXwjWFg06w,2014,6
53.346665,-6.251992,NKvAaowoArhfzC6ZwYnjuA,2014,6
53.346673,-6.250250,eUWRIBIxgF2tLm-jkl5YnA,2014,5
53.346676,-6.254009,ZLynF9RdgkRqtUqRR6NCsw,2014,5
53.346676,-6.247768,t7YKd8KXyj3Kxetnqjkc3g,2014,5
53.346677,-6.247930,uElEJX5qCAxJyvgJ3RKyPg,2014,5
53.346677,-6.247231,XkJZJgb4u7FybaDpFxSo-g,2014,6
53.346679,-6.247738,5TEpQGz2q47jJ20H5BrtWw,2014,6
53.346698,-6.247352,FvTxCv9Pae-faoaoAfCo7Q,2014,6
53.346705,-6.247614,FEEY5vHuu12-cHo7eH4-rA,2014,6
53.346708,-6.247543,xfN9SFR37LdIx0Hjdyo5fg,2014,6
53.346709,-6.247557,gJAcHDAYC2-mW_Jp_Ng7lA,2014,5
53.346718,-6.247955,W88OPOBWUgeYFQrzcqMKTg,2014,5
53.346728,-6.255103,vkEZ76ddeYhT7h90HG4OUA,2014,6
53.346739,-6.251972,Bqr8Nj-PulSehqG_Xh1w6g,2014,6
53.346761,-6.250240,aFYcLH89nFMAKfRCEwQv2g,2014,5
53.346775,-6.248040,-xpaRP-1EbarLIWTVMbRig,2014,5
53.346780,-6.254008,_kZ83qDmHLxRD9erFBHWnw,2014,5
53.346785,-6.251962,BYVORExmYLuYQtle6JeVyg,2014,6
53.346793,-6.248096,UIw6M3HKn9UEQ9EfwxK-_w,2014,5
53.346804,-6.254056,4n1k8VNdPaqklxd7y3IFPA,2014,5
53.346808,-6.254344,38NVwZHlTUaGro4nX06-Fg,2014,5
53.346808,-6.254501,4kSQQCpT9ctouyKh2OnxgQ,2014,5
53.346809,-6.254138,1Fp_s-9FPqzQPYN0sRsQ7A,2014,5
53.346810,-6.254650,HVRLVc74ZQwP4pd11uxYpA,2014,5
53.346816,-6.248222,EoVcouzgYvhPccdedy1N5Q,2014,5
53.346820,-6.255289,0rN_z1wKuIXG_lOJoO1Q8A,2014,6
53.346823,-6.255168,W-Ujnz-3cImkqCfIo9FcCA,2014,5
53.346828,-6.255490,c_lg5Dt7iZ6YHTo_oOu9uQ,2014,6
53.346834,-6.255656,pBEKg4fZVxNhCJaB27XX3w,2014,6
53.346842,-6.248424,jN0KY79m3GzV04cyVhGxOA,2014,5
53.346843,-6.250225,GICnOu8XFKbgqY8srlv7Jw,2014,5
53.346844,-6.255794,pCyW_t5t4auGHPbGqkUBuw,2014,6
53.346848,-6.255083,VHLcfdH2oFcN_yL1jb8qwQ,2014,6
53.346855,-6.256281,qVhpaRQKFlx8UGqHX-ueGg,2014,6
53.346856,-6.255939,3oYzFaxHuaAphvmiwPMUrg,2014,6
53.346856,-6.256121,XHYsgA9XQa2aOnCEfPK9ag,2014,6
53.346876,-6.251944,tAiD5ezUNj9HPrUKFe9cEA,2014,6
53.346878,-6.248697,mdL6pJePNZdVDokmnPotxA,2014,5
53.346895,-6.248833,vfjjZYoETUaxlZERiwCYww,2014,5
53.346902,-6.255959,AZvxpOh8Z3hDejl_i9x_tQ,2014,6
53.346905,-6.248903,LxZA_hVASlN8iFxkLvbPCw,2014,5
53.346933,-6.249108,aN2_dFxlKrjjAvWzpF-yUA,2014,5
53.346937,-6.255069,wDI2jJLhCA4qJ6_Ibnac8A,2014,6
53.346943,-6.249177,iGC5t4cFXxLl8qmwwbGMLA,2014,5
53.346943,-6.250204,tMXe02QdalEqpIyitDScYA,2014,5
53.346973,-6.249386,11_LcbDpuXn6yVUfPzrorQ,2014,5
53.346989,-6.250192,DhPwbW_K89vrZITx1iLaXw,2014,5
53.346993,-6.255931,NnyDN3GkZIfwXvcebnb29Q,2014,6
53.346994,-6.249529,gziPiN_pDV4v0IsZLgzV-g,2014,5
53.347002,-6.251921,wy1Bjsvyq5G1x0rLzE0bDA,2014,6
53.347016,-6.255017,vdvLlsqlaPflbBxn0qgfjA,2014,6
53.347022,-6.253955,wH2Qo-6k9RxbyUzBrtua1w,2014,5
53.347045,-6.249893,yO-1HUgEcGq_EHEsXC13EA,2014,5
53.347070,-6.253948,g5LpE5QI8tjNo2rZSRBn6g,2014,5
53.347074,-6.250107,AbhvLNzwTFhvIneXqxQTtA,2014,5
53.347089,-6.251908,DbSAu3pLFiGtrxNbKbroOA,2014,6
53.347093,-6.255911,v-W9wTYxX-zC4KTS7Ssiiw,2014,6
53.347093,-6.250250,WC16vN-R1-wMe1pfpbUPBw,2014,5
53.347099,-6.254998,r674_uSb-_vkAooTnns2vA,2014,6
53.347113,-6.250393,qrwRDQeNfRBQuP7Jz0CQCg,2014,5
53.347135,-6.250537,UvnyvaIFi-9ATE12V0CDMw,2014,5
53.347157,-6.250689,EGbrD79oZDx4rw3ZrvGtgQ,2014,5
53.347158,-6.253935,QTfoh4Biuxny1Llf9oJreg,2014,5
53.347167,-6.255907,nFnPfirJsQtkoIWSqBCDiA,2014,6
53.347170,-6.251897,6G76VA2GKU_xFBeymQjvXw,2014,6
53.347181,-6.250851,UaPR1XaOklBtffx0P4Ff1Q,2014,5
53.347189,-6.254979,NLglg_BwQZ5ncBbiXW6chA,2014,6
53.347204,-6.251020,msTscjSUSxrVv-FV_7c1Dg,2014,5
53.347226,-6.251187,uDXBP2BMVyyGJd26h84Hug,2014,5
53.347249,-6.251365,I1wl-D21kCm-SVnREaDC2w,2014,5
53.347257,-6.251882,CHP1p6MB4nVVvA3FfiI5vQ,2014,6
53.347265,-6.251451,CFrZXS37Q8wezzxARs16_A,2014,5
53.347266,-6.255906,tB5Ls6wgilmjNGHWjef35A,2014,6
53.347287,-6.254959,5HGqJS8D-RI4dUo0_zB5vA,2014,6
53.347292,-6.251541,RQ9An1XSYBB6oJCPL7e_aw,2014,5
53.347301,-6.251871,yAClmgPXJOLSAVoW6TtTmQ,2014,6
53.347302,-6.253908,K4PMGKXzhA_wx5f3bdo-qQ,2014,5
53.347331,-6.251615,Rpbb9GMDbbaaUxc570UdeQ,2014,5
53.347350,-6.255914,YH-P5ZxrH0LnPmzg5U8TMw,2014,6
53.347357,-6.253905,ifDayQ8RBadVeCmMa67u0Q,2014,5
53.347383,-6.255027,Vc1ZFIe5jv0CQJx3SYYgmQ,2014,6
53.347383,-6.253916,OrgmsWQwtlFBKVRoGOewiQ,2014,5
53.347388,-6.251843,05PqOyexHR12hYFz8VJLdQ,2014,6
53.347392,-6.251682,szzcPqJu4rtYqYD8anFprw,2014,5
53.347436,-6.254000,HOsMNEwndi9yIxyQAR4qkg,2014,5
53.347436,-6.252139,OvHOy5yS6-tiIW0wHbOi_g,2014,6
53.347437,-6.252053,kfQxCb6IAYXY7gO31aiVgA,2014,6
53.347438,-6.252120,6p8wHmElzdiVgAx0iWrgYg,2014,5
53.347441,-6.252300,Io9NOckwdMbdWvNYEYchDg,2014,5
53.347442,-6.252324,ouFwxu-Mwc86QAnWX7qc0A,2014,6
53.347444,-6.252467,EfhrkFtW93Nvci87697eGA,2014,5
53.347447,-6.252503,zEPD1t7qSbqJNB2JI8cpbQ,2014,6
53.347448,-6.252623,1-RkHFm_F3R07t2Be_ylcQ,2014,5
53.347448,-6.252583,Jcm8DwZEcS5TwqI5mgpglQ,2014,6
53.347450,-6.252770,h_KEeF0RJuCC7sJCLHXAkQ,2014,5
53.347450,-6.252751,wluVX8J8Ln-oydRnHGCSyw,2014,6
53.347455,-6.252984,m3H6kqdZzePSv1A7wXLYvw,2014,5
53.347455,-6.251950,gX9AAcC02QfXe1aKcu69KQ,2014,5
53.347455,-6.252996,8MWKSeE7lpKujOOF-DEy6g,2014,6
53.347457,-6.253077,8v9DJdd_TF6g9nApDGfSMw,2014,6
53.347458,-6.253132,2heoYVc2EFxcbkPworT7_g,2014,5
53.347460,-6.253231,wPWTzzYBBju8hhZbTDnWRw,2014,6
53.347462,-6.253286,ADJ7VF0vGMAb6qbl1cud6Q,2014,5
53.347465,-6.253456,VYuduRhwvCr1Fas8ndv1IQ,2014,6
53.347466,-6.251909,x_4znBa3QzozmoQOuE2vKA,2014,6
53.347466,-6.253438,kwUFpQLmxyASbOYDP2IN-A,2014,5
53.347468,-6.253603,Ggk9YjnWtAIkNkXiJaVgFw,2014,6
53.347470,-6.253588,ZQp73xX_BY8ZYus0yzlFMg,2014,5
53.347471,-6.253750,wVr-dwdqzvY-eXlwsWg9WQ,2014,6
53.347471,-6.255298,DZVvsJuxTgzPzzxKJn-feA,2014,6
53.347474,-6.253743,0MyDnP5R12CLJOgi6GymNQ,2014,5
53.347477,-6.253967,qed3gmcdXYwa6IIVkqzxOg,2014,6
53.347479,-6.254038,wSFwcqlqCRXVnjjN-aeAvQ,2014,6
53.347482,-6.251889,ex0O8Q6L5nno8f-WMcOwAw,2014,5
53.347482,-6.254933,mXdoZk4liBvf9SAEiyBHrg,2014,6
53.347484,-6.254179,A52nbRQVUeEWBLkVWPw7ZA,2014,6
53.347485,-6.255481,VGyT9rnBeV6TjNvasvzxtw,2014,6
53.347486,-6.251713,nUE186TtAUeVI052LcXOIw,2014,5
53.347488,-6.254314,ChOeWdLbULu1MhNFfCsUmw,2014,6
53.347488,-6.254199,WddaN7T83sUXYITEhsqNLw,2014,5
53.347490,-6.255943,nK5-zi-yU2wJbRRNLYz_2Q,2014,6
53.347491,-6.254450,6A5PywaI78yOUBYsW1nnEA,2014,6
53.347492,-6.254353,Iz7EnMp6_xVvgZHJwHwLxw,2014,5
53.347494,-6.254583,qNRwJD_EeATqGlMGi67Ysg,2014,6
53.347494,-6.254430,LjVLvyve5OE3tbhEl934OA,2014,5
53.347495,-6.254644,p1LTYfRWU0pDL_89E4fw3A,2014,6
53.347497,-6.254574,dk9YYp_Ru6xNsyZ7RfDV_A,2014,5
53.347498,-6.254621,eTDzcysaPkYPjcckW_X1-Q,2014,5
53.347501,-6.254780,EV4fm0ePHaUVZN1WNTTp6g,2014,5
53.347504,-6.256238,2NT-RK3JDGe_rxHosQDYLA,2014,5
53.347505,-6.254906,XFQHY0v0qjODfpX-lDS96A,2014,5
53.347514,-6.256095,59JSgmjBksrOdn1L2sJptw,2014,5
53.347520,-6.255946,3fdoI0RKzhEGV0fXxZN24A,2014,5
53.347523,-6.255636,Pa1mDyl0hEtXdK3QfVKN5g,2014,5
53.347524,-6.251840,dMXbjtXpq2xyJv3oKItjfA,2014,5
53.347550,-6.254954,Bok9BKrF-PJDQrQVBU1d1Q,2014,5
53.347550,-6.251823,g9z5b1H0CW_zaX6T__rLGw,2014,6
53.347578,-6.254921,-ocTWT7Pke7tL-dWrMsF8w,2014,6
53.347588,-6.251674,GkaqmPOeTG9aWbdziiQCMw,2014,5
53.347624,-6.251797,7WG3IBmRAd9tWekNVnRN1g,2014,6
53.347626,-6.254917,8Uya2t_W7D8n2TM8b8AJYg,2014,6
53.347664,-6.251786,rPRLSo74XR9Toc8Cf0pfFw,2014,6
53.347697,-6.251781,-RI485hGV_LC6YWWiFv89w,2014,5
53.347703,-6.255000,_CvWmGul3bIrmQr57rS__w,2014,6
53.347706,-6.251775,D1bUCxjsztR7SwsP3sM09w,2014,6
53.347788,-6.254995,eAbgWeqwWelsy4XySk8Vqg,2014,6
53.347791,-6.251693,kWwy8PemxnVcNwqcc91IKA,2014,6
53.347809,-6.251753,ul8p3dNqTlsO3DDLU6-ZEA,2014,5
53.347830,-6.254945,iIUQrTBMKY15fx8MyCmd0Q,2014,6
53.347875,-6.251662,mBAVhGDhzx7CgTLQi8gW8w,2014,6
53.347889,-6.251731,ZPiV3BHsqXEFc0w-ZF_GMw,2014,5
53.347903,-6.254940,sq2aRRzBYLo3WYLlQPKWMw,2014,6
53.347963,-6.251621,PaqJ8tveNb1tA_BaIaRNOw,2014,6
53.348012,-6.246896,Pg2qDSLDcUjNQ7BtkCecwg,2014,6
53.348017,-6.247515,kb1y77iAZXyxRiSdqd3bmw,2014,5
53.348020,-6.247574,nREzz9qEnOVh1XT_fWzvvw,2014,5
53.348022,-6.247054,zBIMVqnpOemxCBMdVMtFJA,2014,6
53.348032,-6.247750,WGj2LMkwCczfmA-85q09xg,2014,5
53.348032,-6.247199,jG1WfZ6cXfGn_exdQsQMjQ,2014,6
53.348038,-6.247853,BOealy22c0yaUEDFqJJqZA,2014,5
53.348043,-6.247988,vAzkobojzOtN3pyoUyq0LA,2014,5
53.348046,-6.254883,wdOmk39K_InrLvlaN91zJQ,2014,6
53.348048,-6.255008,FmHkikvfMeJKjDyNlqpCFQ,2014,5
53.348055,-6.248206,nUVTtW6dMBeZjRIhi2dbPQ,2014,5
53.348059,-6.248375,tt3PzX3LArIRf3FM5HzE-g,2014,5
53.348067,-6.248477,FNXMfwjinV88AH6y_VNFzA,2014,5
53.348074,-6.248640,GsyIRUwHK5twb3dicM_AhA,2014,5
53.348102,-6.249167,vDoxbiT9bTmYsCj2vLjhEg,2014,5
53.348106,-6.248655,dXc1UMVSZ4N6_3_QKe45fw,2014,6
53.348106,-6.248264,GVdxNGTV2q2iAnb1zd1rCg,2014,6
53.348108,-6.249249,7FK93392qAAKcNjJIEx2EA,2014,5
53.348117,-6.248401,gh-sgE9HG18PMX5Qyi8IVA,2014,6
53.348118,-6.248803,tHzu7omoeA5ifYyyybUEeg,2014,6
53.348119,-6.249116,FVcS5FKKWBhQx63AZXKW7Q,2014,6
53.348120,-6.248957,mTkuKA3rstwkQjwHyQv-qw,2014,6
53.348123,-6.249680,5ZzyqbNspOwPvIWBTqgtkg,2014,6
53.348124,-6.249415,ElW0hkkWmBXpItrgFFb1tg,2014,5
53.348125,-6.251510,_vKnXE5FQe3P-tJnZmfsAQ,2014,6
53.348126,-6.248526,Wi-cowuZGr7J7qpbT9gB1Q,2014,6
53.348129,-6.249835,px47aDHlnJ6c8s0RGnkEMA,2014,6
53.348136,-6.256364,19q8ngxvYTMOL9QS75y2rQ,2014,6
53.348136,-6.249572,V2uIBA1oidXQp9VBe1ELMA,2014,5
53.348140,-6.248707,OPvn2GOGeeB6U4PQt6ZoPA,2014,6
53.348150,-6.250207,yyybh87zLgZBZ8QUkGYxbg,2014,6
53.348152,-6.248855,9tPm14olxpYq6KZfXgYl1Q,2014,6
53.348156,-6.256200,EANJgbO5rmO0v6YWLcPy4w,2014,6
53.348165,-6.256188,zKBDYHRSls2M8hTIA4mbPg,2014,5
53.348167,-6.250011,0g4xllQCZh9rGgl1vaF74A,2014,5
53.348167,-6.251417,lURfz23GYmmYB2bTI-HJSA,2014,5
53.348167,-6.248981,Md7Qi7mo3BUOEyR4JIgukQ,2014,6
53.348168,-6.256070,Ag290XjwAciaZHkj-L2few,2014,6
53.348169,-6.251456,buznoMiJRjDjSkeQLRvc9Q,2014,6
53.348179,-6.249161,zl5bdvuqooE4W0EBcvF6ng,2014,6
53.348179,-6.250378,o3nCPR9ZmWR0do2jJyxKoQ,2014,5
53.348185,-6.249274,i9Nlv1iInj6obHETh-xKgQ,2014,6
53.348186,-6.255928,V0Lo2jm5qoJuWy5MLNg_1w,2014,6
53.348186,-6.250491,4I7mYppEvfECj1J10VQqkQ,2014,5
53.348193,-6.250591,SFa3Pt5obySKC0_UDWtBBQ,2014,5
53.348199,-6.251195,AifJOLAEUW5C5qFeZ91m2Q,2014,6
53.348200,-6.249450,chmJd3424NgK836ibyqzRw,2014,6
53.348201,-6.251256,imahEfLFD-CnEg3Z2ln-HA,2014,6
53.348205,-6.251366,LXiZnowUN68QhdceuSv-RA,2014,5
53.348208,-6.250817,aRiHBHBcjJN_Mn_CoM2k3A,2014,5
53.348209,-6.255733,S67HT8RhtOU6J5dSRTkFag,2014,6
53.348210,-6.249590,u4n3X8UIWnCU3CBbnZs9Xg,2014,6
53.348210,-6.251637,IZD1X0Rt1kb5XdX7Fr1bNw,2014,6
53.348217,-6.249728,LYHYuhzUoia_wSbnnwKG9g,2014,6
53.348224,-6.249869,OADoSNyjUHWhu_1MpF0HRQ,2014,6
53.348226,-6.251040,SN9w2quZwSU_znHXrzwn5A,2014,5
53.348228,-6.251299,fkBApHXLxd3x5u06m_B0cQ,2014,5
53.348231,-6.250010,SVLeqMi8FdRkqZ9PJc0_BQ,2014,6
53.348232,-6.251142,KbbzPFYM-eCk93GZWq_TMw,2014,5
53.348239,-6.250143,Nz3dEJC6TzjZGcqgWKTrwA,2014,6
53.348247,-6.250274,KPNc_-pV-h9NV0swGejaCw,2014,6
53.348255,-6.250407,GphS7l1q0mu1-w5iCb5ZCw,2014,6
53.348257,-6.250571,ho4dIjNY3N3vQs9FxCtJTA,2014,5
53.348261,-6.255601,LlGB_2jZSlE3umjVVa3htg,2014,6
53.348266,-6.250702,yDhLo3d3FXzsSGh1Iv3Y8A,2014,6
53.348282,-6.250963,nfUqpi03eDWAQtXWjOMsyg,2014,6
53.348282,-6.255154,oToCSDq9f5fGVftp6fFcSg,2014,6
53.348283,-6.254095,GgBpN8lSegYscCpSy0MqFA,2014,6
53.348285,-6.254277,3NNPo4TeNEBgJQR1PUjeFw,2014,6
53.348285,-6.253547,w42B6jYIKTOkM6Lk0j6ivQ,2014,6
53.348285,-6.250901,vSPleqirtzYHL-naofXo1A,2014,6
53.348286,-6.253405,qtyx9i12o7PLIJABlwFZpQ,2014,6
53.348288,-6.251606,5hWMlAZVLfbaaOPBxq8L1Q,2014,6
53.348288,-6.253261,wIStR1AXNaCmh4JT8p5zqw,2014,6
53.348290,-6.251137,ASk6jIGWoo7ms5yb8KC2mw,2014,5
53.348290,-6.254480,Zzzql61zxRTLeAMVufLK3g,2014,6
53.348291,-6.255057,8TFaYHnSuOLzLlTLqY3Jow,2014,6
53.348292,-6.253113,yZD9AzO8i2V3NWggmucLqQ,2014,6
53.348295,-6.254587,3sheGfNMGD6BEivpRjtmmg,2014,6
53.348296,-6.251072,E80wEXYjJx4twPexAfyzaQ,2014,6
53.348298,-6.252970,-qA9sGAWEczFC1cR7zzXkw,2014,6
53.348300,-6.251171,F7UxDOjPcLJ4v0LOUVjvAw,2014,6
53.348301,-6.255444,_YBnonHziTVDTdGfpnEIIQ,2014,6
53.348302,-6.254891,gp1tC5SGEcgx6tLs4lYWfA,2014,6
53.348304,-6.252830,C4Knm3gzX_GDSJO3fD155w,2014,6
53.348308,-6.254467,gjn6R4hTACC15JIfdK8c2A,2014,6
53.348309,-6.251322,B28-Qxr9cFbUzLZmdcRDag,2014,6
53.348309,-6.254303,aXBN5_Lsz4HNMklpqYzRdw,2014,6
53.348310,-6.253918,6bZpLGSGpDARVTe-vw9s5w,2014,6
53.348310,-6.254144,fxpG6BJujVq1VXFR2R76AQ,2014,6
53.348310,-6.254068,UaIFYpR6V4Ug8oO1RcUybg,2014,6
53.348310,-6.253775,6O1H2Rt0yllWPKUlymkY7Q,2014,6
53.348310,-6.252689,ZIM8UIIyMQgSdKrAZXkeAg,2014,6
53.348313,-6.251401,Zmsoe9RiBlUpzmWLG9uNYA,2014,6
53.348313,-6.255257,DQ5mB_Huym18szy4LtXuOA,2014,5
53.348313,-6.252619,3CaQS8IrhRzbmim0PbM2tA,2014,6
53.348320,-6.252481,hrz1mh5KlCmUU9FLyZj3HQ,2014,6
53.348325,-6.251562,dxgJHH7knJDQYkgfSeBHZg,2014,6
53.348326,-6.252355,cNByfH613YfcCVkr6Nlf_A,2014,6
53.348328,-6.252165,viR8iLeLG47Y6ZoYOeAIpg,2014,6
53.348328,-6.252134,JrtOezTFU6mQQacpeTm9fA,2014,6
53.348330,-6.251720,GFXSud04iILIRLso8caU6g,2014,6
53.348330,-6.251911,SfvuAF3qU4CtQHkxMqyEng,2014,6
53.348331,-6.251811,Cc5cQiljY7y8tvXNdEP9Gg,2014,6
53.348332,-6.251062,54bcle2IKroxpVq4-R5Brw,2014,6
53.348334,-6.255301,SeyELofcB2PfsPx82m-8Bw,2014,6
53.348341,-6.254966,NhBhPP6GAGiMQmqIGKojEg,2014,6
53.348353,-6.251328,iZXb_G0bHPe75gzDfPKo7w,2014,5
53.348372,-6.251358,4najAyDpwjY4CFVTG1y_tA,2014,6
53.348394,-6.247040,yYyM-lawjKS33gbbXMaLaw,2014,5
53.348397,-6.255033,NPCEPBg_Sy_0u1BjqDJj7w,2014,6
53.348411,-6.251393,nQW-CU7JxgcYk-7W4Txdyg,2014,6
53.348415,-6.251390,oc1_Eh_LnSTycMDzcLYvDg,2014,5
53.348417,-6.251033,vs-XcsYb8ZqAOGcOZpvYRA,2014,6
53.348425,-6.254901,A7NrZBOM86UqtHUAILHUag,2014,6
53.348432,-6.254987,HFfukrrli1s8msVxOJgd2g,2014,6
53.348454,-6.254957,pOp_6Bbl9Msl4uXC_ZAUqw,2014,5
53.348458,-6.251582,8z-eytq9LWqJxN9LSa9fTg,2014,6
53.348484,-6.256256,c3fqUDRKd7_z7O9_vGG5jw,2014,6
53.348492,-6.254924,uqp23z0bKqZX_3aoQ5bbkA,2014,5
53.348495,-6.251014,zNPan6D-rbHkVScpGlwuog,2014,6
53.348503,-6.246914,OTIdwesxJJm_5keVf76ghw,2014,5
53.348505,-6.256119,p6HdG18EP1o7rWKtlNhM7w,2014,6
53.348511,-6.251573,D7NhYsFacEHSxkB2rZlYVw,2014,6
53.348514,-6.251419,zAUVhsXgs1yL0Y6FYkoq6Q,2014,6
53.348526,-6.255976,HsCQO2IBJYpKbJzD_YU6Eg,2014,6
53.348547,-6.255830,2_dQOJVV80DvoYdd1r1wgg,2014,6
53.348570,-6.255680,RnAuzkde6KRsugMbF9D3VA,2014,6
53.348609,-6.255048,ownOoqG5KO82vAikvn5EtA,2014,6
53.348611,-6.254865,Egcfvz-ysxuWPCONNWX4GA,2014,5
53.348624,-6.255328,EdSJ5W0JGBpiNmSMau8yDA,2014,6
53.348627,-6.255064,FqbRjzA-XeWg5w3hjYAKyg,2014,6
53.348645,-6.255135,nfMbAQWBRYq-Ssk1MqO4Vw,2014,6
53.348652,-6.251432,ytPv_TewQTiVSy_Yj8z6iw,2014,6
53.348658,-6.254849,l55U_0eNrPi1hvuYziy_bw,2014,5
53.348717,-6.254880,pW8FJ29ubQuS8acb8RWbgw,2014,6
53.348727,-6.254945,Nn7B8i-qXkFkxDup4Bs0AA,2014,6
53.348734,-6.251454,UBmHZ1lLPEqu1AwDOyDaSw,2014,5
53.348779,-6.251467,NzbqLnObzHhfeygUg6TeEQ,2014,5
53.348795,-6.254794,3E8SmBlEM2ilaU6xN1Z8Jw,2014,6
53.348839,-6.254771,ga1bWo0Eg_nFrjCZ8pRRjQ,2014,6
53.348869,-6.251493,bZfkkJhRE4xgWUguuN0bPA,2014,5
53.348880,-6.254887,K-oyWmkKQUwcAoFMIAzKew,2014,5
53.348940,-6.256309,yjII1llwBzO-oDG3z_H2zQ,2014,6
53.348957,-6.254709,iLpF_3AGoh1J-zdCaey7qA,2014,6
53.348963,-6.251598,VapaT_NUzrzqd8IyhEvPKA,2014,6
53.348968,-6.256152,TGZVGC8eWkLq9FjeTDBAJQ,2014,6
53.348981,-6.256084,71kzOCG9EaGih2szRvnUFg,2014,5
53.349001,-6.251637,LZKRvFOrMjm2H4IHXE_Pug,2014,6
53.349007,-6.255937,w6Ksioe-WXw005Kh0S_qlg,2014,6
53.349025,-6.254659,nWn_hMD6AEti-UDbXB3vRw,2014,5
53.349027,-6.254857,Yau1py3x0TAYF-k7JP05Fw,2014,6
53.349033,-6.255796,v-wMVCua6FMXPuJDO2Ifyg,2014,6
53.349041,-6.256058,52QP_e0kIB6tUz87anPA3w,2014,6
53.349068,-6.255676,ZMoUqQPF_S30MuL9v2YK7A,2014,5
53.349091,-6.255484,eE0QyIQRm9mxhJ4smZ5pXA,2014,6
53.349106,-6.251761,ttSGdhG_uL8fOK0noRW6mA,2014,6
53.349113,-6.254805,oBb5wPfZ6w2aci66k1RemQ,2014,6
53.349124,-6.255310,axxPMBiGYSHxy_LXtM_YNQ,2014,6
53.349130,-6.254498,9CjM9J8CT454gWgEyizIRg,2014,6
53.349140,-6.251808,SjeZYXv_eiWeHByTjU47mQ,2014,6
53.349145,-6.256095,pB2w7oLrp0U3ZrINnM9pfw,2014,6
53.349156,-6.255188,BsgN9msBLaw_7JIaIxgovQ,2014,5
53.349165,-6.255114,4GOw2ITpkG4aUKHvh9tEmQ,2014,6
53.349184,-6.254554,0Vl04rUSNGvEQhPo2ZmBZw,2014,6
53.349185,-6.254759,PbElhPox9gOZ4BP_OiEing,2014,5
53.349186,-6.254692,jYPIE7UerimqJluAGhbDOA,2014,6
53.349191,-6.256117,SMOcunJC4om2Zq1z9x5c9w,2014,6
53.349193,-6.254472,tRcoFh-7SAoFwWOAWNDEkA,2014,5
53.349203,-6.251910,JjhLO4TPLTITE7NoElB6Lg,2014,6
53.349215,-6.252079,WSzXqKKSm3ycgAv5Goon2w,2014,6
53.349219,-6.254720,0Suz4KwgBx7bnMMdAcfrlw,2014,6
53.349222,-6.254345,Oi1E5FqCpC_pHNSVpTlZDw,2014,5
53.349241,-6.254609,F6dn2DpiqeEmTJ0fK9dSuw,2014,5
53.349261,-6.254224,TOztlduMiEZYlunjg_NVvw,2014,5
53.349263,-6.254034,bROhsey8cPVNA3FJpTNqKg,2014,6
53.349307,-6.254519,ngFUWbg_OrRcE2RxckJVWw,2014,6
53.349309,-6.253844,pL3cyvcs9KBAnzC7f12Sbw,2014,6
53.349326,-6.252205,HSNgTUf9ckycqdxrzx4YQA,2014,6
53.349331,-6.253885,do6Z2hkm-gIXwafFwB2nFQ,2014,6
53.349332,-6.254434,-Y3R7tQ_4HSWpdK8nxn-5g,2014,6
53.349347,-6.253928,6ltEvFRSIfxXcIfq5bDADQ,2014,5
53.349361,-6.252352,d5YeYOGQYk55hxqFLVVU3g,2014,6
53.349362,-6.252575,MYmCYx5F9kTuFfX6wNql0w,2014,6
53.349372,-6.253528,k0psk1EBIqgnuuPuLFNfSA,2014,6
53.349376,-6.251923,fWz2zoz5XSF7PwZ-rZujRg,2014,5
53.349378,-6.254272,PSMhRlLF_luR2nal0spmlw,2014,6
53.349386,-6.252498,qvV2kpeiQMU_kk5zkxfiMQ,2014,6
53.349390,-6.252306,_LYSY40xr4rBOp9xeA0aMA,2014,5
53.349396,-6.251772,Bfq3WDwckwbWCYqW65_tew,2014,5
53.349400,-6.253282,5cjWyzK6oUzGxxHarXbbTw,2014,6
53.349401,-6.252075,Ew2bGiu9Cv72UeQCSQ-OHQ,2014,6
53.349405,-6.251748,sn69LGxbQQ3LKh0hEBBcSQ,2014,6
53.349407,-6.253114,tjkQDmKW06oPTg9Whk6kHw,2014,6
53.349414,-6.251703,zoj43aAkGEOFgAhffApyKQ,2014,5
53.349415,-6.252673,uSycjc6v6J4SIXhbn2-Bmw,2014,6
53.349421,-6.251709,VqTCeVLhpNpwLhkTZ9fxzA,2014,6
53.349421,-6.254124,dI67A84TVOrmfCyrxlGLgw,2014,6
53.349429,-6.252626,H3h2J71q97Dtro3ipbcOKQ,2014,5
53.349442,-6.254049,adqa0K31mgvy6etJ6UmuCw,2014,6
53.349459,-6.253232,z2_MOzMALuuDCydgcK2C8g,2014,5
53.349505,-6.253877,fQfJZKagHrXBFCZZZyTLqA,2014,6
53.349511,-6.252614,ZLjsxCG_gxJAaVIM99RZsw,2014,6
53.349539,-6.253760,ijNsvWaoLFq-iIWaHK5f7w,2014,5
53.349546,-6.253816,Gj9zbkGbPQX2znk3JIfZBw,2014,6
53.349554,-6.252635,Ui1kjDRQoDZvI14aTOxB_Q,2014,5
53.349576,-6.253785,1uMiC5jjdKpPmkY3lXK01A,2014,6
53.349597,-6.252635,JiXUmcN7iOWY-b_NNRgosg,2014,5
53.349657,-6.253753,ouVCIbryvehwLiGGGbiICQ,2014,6
53.349668,-6.252593,-8bOuyKjRC-Z3pE6xZLwmA,2014,6
53.349703,-6.253761,O4AlJzYqPJ-NpmWt_P-ywg,2014,6
53.349705,-6.254601,4ALno4h4S9mhhUxqopPszA,2014,6
53.349749,-6.254423,m38gVS7icUaHSLrE9Lq_4A,2014,6
53.349752,-6.254752,Ie8Vl1XLNDi6jTfMAK5Qzg,2014,6
53.349752,-6.253785,J8Q-t1AW-bbhYYM2mC-g_g,2014,6
53.349763,-6.252530,0fcPjsfHhGZVIf9xLoCaOA,2014,6
53.349770,-6.253768,JXabwHrjSw-l6wVzSUd6pA,2014,5
53.349784,-6.254286,LDyeKtSBsRJHqNUWW5SMuA,2014,6
53.349795,-6.252522,0XhL1INTNNOUwzM-hYTM1A,2014,5
53.349816,-6.254793,l5Q0Hjd5NLcesiQQtXIofw,2014,6
53.349831,-6.254119,sEIKtEpE6Ku6uY_H8miUTQ,2014,6
53.349863,-6.253645,qhmp7QC2ElMAAAAGOu9qxA,2014,1
53.349877,-6.252468,FNMr9GeeBiiFWWiDHo6tCA,2014,5
53.349883,-6.253580,D_uX2l8D18wAAAAGOu6Wpw,2014,1
53.349886,-6.253567,tk7pIRzct3MAAAAGOu6WqQ,2014,1
53.349904,-6.253578,q_OLZUWQc94AAAAGOu-OFg,2014,1
53.349931,-6.254859,IOmCjbpHnBdaoDLkOz8T5w,2014,6
53.349938,-6.253932,zI3IUPA4If80JQmYeVrNPA,2014,5
53.349983,-6.253751,3GgWiRMX0x82v_bSqwSaVg,2014,6
53.350003,-6.253932,Rh3kTRVPQ_ejbFlA63Q21A,2014,6
53.350025,-6.253597,nhZRQYiyoNQim_zZwqnE1w,2014,6
53.350062,-6.253468,FiAFJbB1q6oQ-IeLuvUYHQ,2014,6
53.350079,-6.253976,FJHGUyKhpzKd8Iuix1j2xA,2014,6
53.350111,-6.253321,WgpSuwcCa12oltQMor-iTg,2014,6
53.350156,-6.254025,eLlhq1pO6mb9xadbKIFmaQ,2014,6
53.350238,-6.254078,gwd69GaUdii05xpRsuYeLA,2014,6
53.3412776,-6.2505740,i7pz_guxFP-fIqnzJOnRTA,2014,10
53.3413608,-6.2505006,WYtgY0fxy2YWg5upwJBRGg,2014,10
53.3414028,-6.2504644,u6I1DXGgQVx0TRUI3u6slQ,2014,10
53.3410749,-6.2507656,NFof05wXPbS3St5HfRZR2Q,2014,10
53.3493972,-6.2537160,szF5apsmdeQp4_D0ENyQNw,2014,5
53.3482229,-6.2548752,OF9klqmC-hm5z37BNqDCaA,2014,6
53.3474548,-6.2551577,zTbOACt2yk6tK4RdAbkV9Q,2014,5
53.3481136,-6.2516619,cP5jvxSo01rLFeudtW3uzg,2014,6
53.3482332,-6.2549995,dUeEM18V63GEuW9KVdHGtQ,2014,6
53.3490988,-6.2516061,IMAlUzLsjII_JR6BdddPpg,2017,5
53.3493054,-6.2515430,onUCn_a9Aj1Wov7Z6a_nLA,2017,5
53.349206,-6.25158480,OBtNWLZCDjkIP0GVDr6zYg,2017,5
53.3494467,-6.2533823,EBlYX_chM-7WwZyCkkYFXg,2017,5
53.3494988,-6.2534849,FLyzOhea5gwYcwvkoThJzA,2017,5
53.349682,-6.25363,BEmnWVxGdCe0asvpxY2IgA,2017,5
53.349208,-6.2548791,baROEXGX6VMLIUI9aHq6DQ,2017,5
